country_code;year;value
AFG;2021;530.0
ALB;2021;100.0
DZA;2021;500.0
AND;2021;
AGO;2021;15000.0
ATG;2021;
ARG;2021;1300.0
ARM;2021;
AUS;2021;100.0
AUT;2021;
AZE;2021;200.0
BHS;2021;100.0
BHR;2021;100.0
BGD;2021;500.0
BRB;2021;100.0
BLR;2021;200.0
BEL;2021;
BLZ;2021;200.0
BEN;2021;1600.0
BTN;2021;100.0
BOL;2021;500.0
BIH;2021;
BWA;2021;4600.0
BRA;2021;13000.0
BRN;2021;
BGR;2021;100.0
BFA;2021;2000.0
BDI;2021;1400.0
CPV;2021;100.0
KHM;2021;1100.0
CMR;2021;13000.0
CAN;2021;
CAF;2021;2600.0
TCD;2021;2700.0
CHL;2021;
CHN;2021;
COL;2021;1700.0
COM;2021;100.0
COG;2021;7400.0
COK;2021;
CRI;2021;200.0
CIV;2021;8800.0
HRV;2021;100.0
CUB;2021;500.0
CYP;2021;100.0
CZE;2021;
PRK;2021;
COD;2021;14000.0
DNK;2021;100.0
DJI;2021;500.0
DMA;2021;
DOM;2021;2300.0
ECU;2021;500.0
EGY;2021;560.0
SLV;2021;600.0
GNQ;2021;2300.0
ERI;2021;500.0
EST;2021;
SWZ;2021;2600.0
ETH;2021;12000.0
FJI;2021;100.0
FIN;2021;
FRA;2021;720.0
GAB;2021;2000.0
GMB;2021;1300.0
GEO;2021;100.0
DEU;2021;
GHA;2021;9900.0
GRC;2021;100.0
GRD;2021;
GTM;2021;730.0
GIN;2021;3900.0
GNB;2021;1700.0
GUY;2021;200.0
HTI;2021;1500.0
HND;2021;770.0
HUN;2021;
ISL;2021;100.0
IND;2021;42000.0
IDN;2021;26000.0
IRN;2021;3500.0
IRQ;2021;
IRL;2021;100.0
ISR;2021;
ITA;2021;500.0
JAM;2021;770.0
JPN;2021;
JOR;2021;
KAZ;2021;200.0
KEN;2021;22000.0
KIR;2021;
KWT;2021;
KGZ;2021;500.0
LAO;2021;500.0
LVA;2021;100.0
LBN;2021;100.0
LSO;2021;4500.0
LBR;2021;1100.0
LBY;2021;200.0
LTU;2021;100.0
LUX;2021;100.0
MDG;2021;2900.0
MWI;2021;13000.0
MYS;2021;1600.0
MDV;2021;
MLI;2021;4100.0
MLT;2021;
MHL;2021;
MRT;2021;500.0
MUS;2021;
MEX;2021;4600.0
FSM;2021;
MCO;2021;
MNG;2021;100.0
MNE;2021;100.0
MAR;2021;500.0
MOZ;2021;
MMR;2021;6600.0
NAM;2021;2900.0
NRU;2021;
NPL;2021;510.0
NLD;2021;100.0
NZL;2021;100.0
NIC;2021;500.0
NER;2021;910.0
NGA;2021;51000.0
NIU;2021;
MKD;2021;
NOR;2021;100.0
OMN;2021;100.0
PAK;2021;9600.0
PLW;2021;
PAN;2021;
PNG;2021;530.0
PRY;2021;500.0
PER;2021;940.0
PHL;2021;1200.0
POL;2021;
PRT;2021;500.0
QAT;2021;100.0
KOR;2021;
MDA;2021;500.0
ROU;2021;500.0
RUS;2021;
RWA;2021;2400.0
KNA;2021;
LCA;2021;
VCT;2021;
WSM;2021;
SMR;2021;
STP;2021;
SAU;2021;
SEN;2021;1000.0
SRB;2021;100.0
SYC;2021;
SLE;2021;3000.0
SGP;2021;100.0
SVK;2021;100.0
SVN;2021;
SLB;2021;
SOM;2021;500.0
ZAF;2021;51000.0
SSD;2021;8000.0
ESP;2021;840.0
LKA;2021;100.0
SDN;2021;1900.0
SUR;2021;
SWE;2021;
CHE;2021;200.0
SYR;2021;100.0
TJK;2021;200.0
THA;2021;9300.0
GBR;2021;
TLS;2021;100.0
TGO;2021;2600.0
TON;2021;
TTO;2021;500.0
TUN;2021;500.0
TUR;2021;
TKM;2021;
TUV;2021;
UGA;2021;17000.0
UKR;2021;2800.0
ARE;2021;
TZA;2021;29000.0
USA;2021;
URY;2021;500.0
UZB;2021;680.0
VUT;2021;
VEN;2021;2300.0
VNM;2021;3500.0
YEM;2021;500.0
ZMB;2021;19000.0
ZWE;2021;20000.0
AFG;2020;500.0
ALB;2020;100.0
DZA;2020;500.0
AND;2020;
AGO;2020;16000.0
ATG;2020;
ARG;2020;1400.0
ARM;2020;
AUS;2020;100.0
AUT;2020;
AZE;2020;200.0
BHS;2020;100.0
BHR;2020;100.0
BGD;2020;500.0
BRB;2020;100.0
BLR;2020;200.0
BEL;2020;
BLZ;2020;200.0
BEN;2020;1800.0
BTN;2020;100.0
BOL;2020;500.0
BIH;2020;
BWA;2020;4800.0
BRA;2020;13000.0
BRN;2020;
BGR;2020;100.0
BFA;2020;2400.0
BDI;2020;1500.0
CPV;2020;100.0
KHM;2020;1200.0
CMR;2020;14000.0
CAN;2020;
CAF;2020;3000.0
TCD;2020;3100.0
CHL;2020;
CHN;2020;
COL;2020;2300.0
COM;2020;100.0
COG;2020;7100.0
COK;2020;
CRI;2020;200.0
CIV;2020;10000.0
HRV;2020;100.0
CUB;2020;500.0
CYP;2020;100.0
CZE;2020;
PRK;2020;
COD;2020;16000.0
DNK;2020;100.0
DJI;2020;500.0
DMA;2020;
DOM;2020;2500.0
ECU;2020;500.0
EGY;2020;530.0
SLV;2020;640.0
GNQ;2020;2300.0
ERI;2020;500.0
EST;2020;
SWZ;2020;2800.0
ETH;2020;13000.0
FJI;2020;100.0
FIN;2020;
FRA;2020;710.0
GAB;2020;1900.0
GMB;2020;1200.0
GEO;2020;100.0
DEU;2020;500.0
GHA;2020;13000.0
GRC;2020;100.0
GRD;2020;
GTM;2020;750.0
GIN;2020;4000.0
GNB;2020;1700.0
GUY;2020;200.0
HTI;2020;1900.0
HND;2020;730.0
HUN;2020;
ISL;2020;100.0
IND;2020;39000.0
IDN;2020;26000.0
IRN;2020;3500.0
IRQ;2020;
IRL;2020;100.0
ISR;2020;
ITA;2020;500.0
JAM;2020;640.0
JPN;2020;
JOR;2020;
KAZ;2020;200.0
KEN;2020;22000.0
KIR;2020;
KWT;2020;
KGZ;2020;500.0
LAO;2020;500.0
LVA;2020;100.0
LBN;2020;100.0
LSO;2020;5300.0
LBR;2020;1300.0
LBY;2020;100.0
LTU;2020;100.0
LUX;2020;100.0
MDG;2020;2500.0
MWI;2020;13000.0
MYS;2020;1600.0
MDV;2020;
MLI;2020;4700.0
MLT;2020;
MHL;2020;
MRT;2020;510.0
MUS;2020;
MEX;2020;5100.0
FSM;2020;
MCO;2020;
MNG;2020;100.0
MNE;2020;100.0
MAR;2020;500.0
MOZ;2020;
MMR;2020;7200.0
NAM;2020;3200.0
NRU;2020;
NPL;2020;590.0
NLD;2020;100.0
NZL;2020;100.0
NIC;2020;500.0
NER;2020;970.0
NGA;2020;56000.0
NIU;2020;
MKD;2020;
NOR;2020;100.0
OMN;2020;100.0
PAK;2020;8400.0
PLW;2020;
PAN;2020;
PNG;2020;500.0
PRY;2020;500.0
PER;2020;960.0
PHL;2020;1000.0
POL;2020;
PRT;2020;500.0
QAT;2020;100.0
KOR;2020;
MDA;2020;500.0
ROU;2020;500.0
RUS;2020;
RWA;2020;2700.0
KNA;2020;
LCA;2020;
VCT;2020;
WSM;2020;
SMR;2020;
STP;2020;
SAU;2020;
SEN;2020;1200.0
SRB;2020;100.0
SYC;2020;
SLE;2020;3200.0
SGP;2020;100.0
SVK;2020;100.0
SVN;2020;
SLB;2020;
SOM;2020;500.0
ZAF;2020;55000.0
SSD;2020;8200.0
ESP;2020;820.0
LKA;2020;100.0
SDN;2020;1900.0
SUR;2020;
SWE;2020;
CHE;2020;200.0
SYR;2020;100.0
TJK;2020;200.0
THA;2020;11000.0
GBR;2020;
TLS;2020;100.0
TGO;2020;2900.0
TON;2020;
TTO;2020;500.0
TUN;2020;500.0
TUR;2020;
TKM;2020;
TUV;2020;
UGA;2020;18000.0
UKR;2020;3000.0
ARE;2020;
TZA;2020;33000.0
USA;2020;
URY;2020;500.0
UZB;2020;720.0
VUT;2020;
VEN;2020;3900.0
VNM;2020;3700.0
YEM;2020;500.0
ZMB;2020;21000.0
ZWE;2020;22000.0
AFG;2019;500.0
ALB;2019;100.0
DZA;2019;500.0
AND;2019;
AGO;2019;16000.0
ATG;2019;
ARG;2019;1400.0
ARM;2019;
AUS;2019;100.0
AUT;2019;
AZE;2019;500.0
BHS;2019;100.0
BHR;2019;100.0
BGD;2019;500.0
BRB;2019;100.0
BLR;2019;200.0
BEL;2019;
BLZ;2019;200.0
BEN;2019;2200.0
BTN;2019;100.0
BOL;2019;510.0
BIH;2019;
BWA;2019;5100.0
BRA;2019;14000.0
BRN;2019;
BGR;2019;100.0
BFA;2019;2600.0
BDI;2019;1700.0
CPV;2019;100.0
KHM;2019;1400.0
CMR;2019;16000.0
CAN;2019;
CAF;2019;3600.0
TCD;2019;3500.0
CHL;2019;
CHN;2019;
COL;2019;2900.0
COM;2019;100.0
COG;2019;6800.0
COK;2019;
CRI;2019;200.0
CIV;2019;12000.0
HRV;2019;100.0
CUB;2019;500.0
CYP;2019;100.0
CZE;2019;
PRK;2019;
COD;2019;19000.0
DNK;2019;100.0
DJI;2019;500.0
DMA;2019;
DOM;2019;2700.0
ECU;2019;500.0
EGY;2019;500.0
SLV;2019;710.0
GNQ;2019;2200.0
ERI;2019;500.0
EST;2019;
SWZ;2019;2700.0
ETH;2019;14000.0
FJI;2019;100.0
FIN;2019;
FRA;2019;680.0
GAB;2019;1900.0
GMB;2019;1200.0
GEO;2019;100.0
DEU;2019;500.0
GHA;2019;16000.0
GRC;2019;100.0
GRD;2019;
GTM;2019;870.0
GIN;2019;4500.0
GNB;2019;1800.0
GUY;2019;200.0
HTI;2019;2200.0
HND;2019;740.0
HUN;2019;
ISL;2019;100.0
IND;2019;52000.0
IDN;2019;26000.0
IRN;2019;3700.0
IRQ;2019;
IRL;2019;100.0
ISR;2019;
ITA;2019;530.0
JAM;2019;710.0
JPN;2019;
JOR;2019;
KAZ;2019;200.0
KEN;2019;21000.0
KIR;2019;
KWT;2019;
KGZ;2019;500.0
LAO;2019;500.0
LVA;2019;100.0
LBN;2019;100.0
LSO;2019;5400.0
LBR;2019;1500.0
LBY;2019;200.0
LTU;2019;100.0
LUX;2019;100.0
MDG;2019;2300.0
MWI;2019;15000.0
MYS;2019;1600.0
MDV;2019;
MLI;2019;4600.0
MLT;2019;
MHL;2019;
MRT;2019;530.0
MUS;2019;
MEX;2019;5100.0
FSM;2019;
MCO;2019;
MNG;2019;100.0
MNE;2019;100.0
MAR;2019;500.0
MOZ;2019;
MMR;2019;7800.0
NAM;2019;3500.0
NRU;2019;
NPL;2019;690.0
NLD;2019;100.0
NZL;2019;100.0
NIC;2019;500.0
NER;2019;1000.0
NGA;2019;59000.0
NIU;2019;
MKD;2019;
NOR;2019;100.0
OMN;2019;100.0
PAK;2019;7900.0
PLW;2019;
PAN;2019;
PNG;2019;500.0
PRY;2019;500.0
PER;2019;1100.0
PHL;2019;850.0
POL;2019;
PRT;2019;500.0
QAT;2019;100.0
KOR;2019;
MDA;2019;500.0
ROU;2019;500.0
RUS;2019;
RWA;2019;2900.0
KNA;2019;
LCA;2019;
VCT;2019;
WSM;2019;
SMR;2019;
STP;2019;
SAU;2019;
SEN;2019;1400.0
SRB;2019;100.0
SYC;2019;
SLE;2019;3400.0
SGP;2019;100.0
SVK;2019;100.0
SVN;2019;
SLB;2019;
SOM;2019;500.0
ZAF;2019;59000.0
SSD;2019;8300.0
ESP;2019;820.0
LKA;2019;200.0
SDN;2019;1900.0
SUR;2019;
SWE;2019;
CHE;2019;200.0
SYR;2019;100.0
TJK;2019;200.0
THA;2019;12000.0
GBR;2019;
TLS;2019;100.0
TGO;2019;3200.0
TON;2019;
TTO;2019;500.0
TUN;2019;500.0
TUR;2019;
TKM;2019;
TUV;2019;
UGA;2019;20000.0
UKR;2019;3600.0
ARE;2019;
TZA;2019;35000.0
USA;2019;7900.0
URY;2019;200.0
UZB;2019;660.0
VUT;2019;
VEN;2019;4400.0
VNM;2019;3900.0
YEM;2019;500.0
ZMB;2019;23000.0
ZWE;2019;23000.0
AFG;2018;500.0
ALB;2018;100.0
DZA;2018;500.0
AND;2018;
AGO;2018;17000.0
ATG;2018;
ARG;2018;1400.0
ARM;2018;
AUS;2018;100.0
AUT;2018;
AZE;2018;500.0
BHS;2018;100.0
BHR;2018;100.0
BGD;2018;500.0
BRB;2018;100.0
BLR;2018;500.0
BEL;2018;
BLZ;2018;200.0
BEN;2018;2100.0
BTN;2018;100.0
BOL;2018;660.0
BIH;2018;
BWA;2018;5000.0
BRA;2018;14000.0
BRN;2018;
BGR;2018;100.0
BFA;2018;2900.0
BDI;2018;2000.0
CPV;2018;100.0
KHM;2018;1600.0
CMR;2018;18000.0
CAN;2018;
CAF;2018;4000.0
TCD;2018;4100.0
CHL;2018;
CHN;2018;
COL;2018;2700.0
COM;2018;100.0
COG;2018;6600.0
COK;2018;
CRI;2018;200.0
CIV;2018;15000.0
HRV;2018;100.0
CUB;2018;500.0
CYP;2018;100.0
CZE;2018;
PRK;2018;
COD;2018;23000.0
DNK;2018;100.0
DJI;2018;500.0
DMA;2018;
DOM;2018;2800.0
ECU;2018;570.0
EGY;2018;500.0
SLV;2018;660.0
GNQ;2018;2100.0
ERI;2018;500.0
EST;2018;
SWZ;2018;3000.0
ETH;2018;14000.0
FJI;2018;100.0
FIN;2018;
FRA;2018;670.0
GAB;2018;2000.0
GMB;2018;1200.0
GEO;2018;100.0
DEU;2018;500.0
GHA;2018;16000.0
GRC;2018;100.0
GRD;2018;
GTM;2018;1100.0
GIN;2018;4700.0
GNB;2018;1900.0
GUY;2018;200.0
HTI;2018;2300.0
HND;2018;770.0
HUN;2018;
ISL;2018;100.0
IND;2018;70000.0
IDN;2018;26000.0
IRN;2018;4000.0
IRQ;2018;
IRL;2018;100.0
ISR;2018;
ITA;2018;640.0
JAM;2018;770.0
JPN;2018;
JOR;2018;
KAZ;2018;200.0
KEN;2018;23000.0
KIR;2018;
KWT;2018;
KGZ;2018;500.0
LAO;2018;500.0
LVA;2018;100.0
LBN;2018;100.0
LSO;2018;5800.0
LBR;2018;1700.0
LBY;2018;100.0
LTU;2018;100.0
LUX;2018;100.0
MDG;2018;2100.0
MWI;2018;17000.0
MYS;2018;1500.0
MDV;2018;
MLI;2018;4900.0
MLT;2018;
MHL;2018;
MRT;2018;540.0
MUS;2018;
MEX;2018;5600.0
FSM;2018;
MCO;2018;
MNG;2018;100.0
MNE;2018;100.0
MAR;2018;570.0
MOZ;2018;
MMR;2018;8400.0
NAM;2018;3800.0
NRU;2018;
NPL;2018;760.0
NLD;2018;100.0
NZL;2018;100.0
NIC;2018;500.0
NER;2018;1100.0
NGA;2018;58000.0
NIU;2018;
MKD;2018;
NOR;2018;100.0
OMN;2018;100.0
PAK;2018;7300.0
PLW;2018;
PAN;2018;
PNG;2018;520.0
PRY;2018;500.0
PER;2018;1200.0
PHL;2018;730.0
POL;2018;
PRT;2018;500.0
QAT;2018;100.0
KOR;2018;
MDA;2018;510.0
ROU;2018;500.0
RUS;2018;
RWA;2018;3100.0
KNA;2018;
LCA;2018;
VCT;2018;
WSM;2018;
SMR;2018;
STP;2018;
SAU;2018;
SEN;2018;1600.0
SRB;2018;100.0
SYC;2018;
SLE;2018;3700.0
SGP;2018;100.0
SVK;2018;100.0
SVN;2018;
SLB;2018;
SOM;2018;510.0
ZAF;2018;66000.0
SSD;2018;8600.0
ESP;2018;810.0
LKA;2018;200.0
SDN;2018;2000.0
SUR;2018;200.0
SWE;2018;
CHE;2018;200.0
SYR;2018;100.0
TJK;2018;200.0
THA;2018;13000.0
GBR;2018;
TLS;2018;100.0
TGO;2018;3800.0
TON;2018;
TTO;2018;500.0
TUN;2018;500.0
TUR;2018;
TKM;2018;
TUV;2018;
UGA;2018;23000.0
UKR;2018;4600.0
ARE;2018;
TZA;2018;37000.0
USA;2018;7800.0
URY;2018;500.0
UZB;2018;740.0
VUT;2018;
VEN;2018;3100.0
VNM;2018;3900.0
YEM;2018;500.0
ZMB;2018;23000.0
ZWE;2018;25000.0
AFG;2017;500.0
ALB;2017;100.0
DZA;2017;500.0
AND;2017;
AGO;2017;16000.0
ATG;2017;
ARG;2017;1300.0
ARM;2017;
AUS;2017;100.0
AUT;2017;
AZE;2017;500.0
BHS;2017;200.0
BHR;2017;100.0
BGD;2017;500.0
BRB;2017;100.0
BLR;2017;500.0
BEL;2017;
BLZ;2017;200.0
BEN;2017;2100.0
BTN;2017;100.0
BOL;2017;720.0
BIH;2017;
BWA;2017;5000.0
BRA;2017;14000.0
BRN;2017;
BGR;2017;100.0
BFA;2017;3200.0
BDI;2017;2300.0
CPV;2017;100.0
KHM;2017;1700.0
CMR;2017;22000.0
CAN;2017;
CAF;2017;4400.0
TCD;2017;4300.0
CHL;2017;
CHN;2017;
COL;2017;2900.0
COM;2017;100.0
COG;2017;6400.0
COK;2017;
CRI;2017;200.0
CIV;2017;18000.0
HRV;2017;100.0
CUB;2017;500.0
CYP;2017;100.0
CZE;2017;
PRK;2017;
COD;2017;27000.0
DNK;2017;100.0
DJI;2017;500.0
DMA;2017;
DOM;2017;2900.0
ECU;2017;650.0
EGY;2017;510.0
SLV;2017;620.0
GNQ;2017;2200.0
ERI;2017;500.0
EST;2017;
SWZ;2017;3200.0
ETH;2017;15000.0
FJI;2017;100.0
FIN;2017;
FRA;2017;660.0
GAB;2017;1900.0
GMB;2017;1200.0
GEO;2017;100.0
DEU;2017;500.0
GHA;2017;17000.0
GRC;2017;100.0
GRD;2017;
GTM;2017;1200.0
GIN;2017;4600.0
GNB;2017;1800.0
GUY;2017;200.0
HTI;2017;2800.0
HND;2017;870.0
HUN;2017;
ISL;2017;100.0
IND;2017;79000.0
IDN;2017;25000.0
IRN;2017;4300.0
IRQ;2017;
IRL;2017;100.0
ISR;2017;
ITA;2017;740.0
JAM;2017;790.0
JPN;2017;
JOR;2017;
KAZ;2017;200.0
KEN;2017;26000.0
KIR;2017;
KWT;2017;
KGZ;2017;500.0
LAO;2017;500.0
LVA;2017;100.0
LBN;2017;100.0
LSO;2017;6500.0
LBR;2017;2100.0
LBY;2017;100.0
LTU;2017;100.0
LUX;2017;100.0
MDG;2017;1900.0
MWI;2017;19000.0
MYS;2017;1600.0
MDV;2017;
MLI;2017;5000.0
MLT;2017;
MHL;2017;
MRT;2017;570.0
MUS;2017;
MEX;2017;5300.0
FSM;2017;
MCO;2017;
MNG;2017;100.0
MNE;2017;100.0
MAR;2017;600.0
MOZ;2017;
MMR;2017;8900.0
NAM;2017;3500.0
NRU;2017;
NPL;2017;860.0
NLD;2017;100.0
NZL;2017;100.0
NIC;2017;500.0
NER;2017;1300.0
NGA;2017;58000.0
NIU;2017;
MKD;2017;
NOR;2017;100.0
OMN;2017;100.0
PAK;2017;6700.0
PLW;2017;
PAN;2017;
PNG;2017;520.0
PRY;2017;500.0
PER;2017;1400.0
PHL;2017;650.0
POL;2017;
PRT;2017;500.0
QAT;2017;100.0
KOR;2017;
MDA;2017;540.0
ROU;2017;500.0
RUS;2017;
RWA;2017;3400.0
KNA;2017;
LCA;2017;
VCT;2017;
WSM;2017;
SMR;2017;
STP;2017;
SAU;2017;
SEN;2017;1800.0
SRB;2017;100.0
SYC;2017;
SLE;2017;4100.0
SGP;2017;100.0
SVK;2017;100.0
SVN;2017;
SLB;2017;
SOM;2017;570.0
ZAF;2017;75000.0
SSD;2017;8900.0
ESP;2017;830.0
LKA;2017;200.0
SDN;2017;2300.0
SUR;2017;200.0
SWE;2017;
CHE;2017;200.0
SYR;2017;100.0
TJK;2017;200.0
THA;2017;14000.0
GBR;2017;
TLS;2017;100.0
TGO;2017;4100.0
TON;2017;
TTO;2017;500.0
TUN;2017;200.0
TUR;2017;
TKM;2017;
TUV;2017;
UGA;2017;25000.0
UKR;2017;5800.0
ARE;2017;
TZA;2017;39000.0
USA;2017;7900.0
URY;2017;500.0
UZB;2017;840.0
VUT;2017;
VEN;2017;2000.0
VNM;2017;4200.0
YEM;2017;500.0
ZMB;2017;21000.0
ZWE;2017;27000.0
AFG;2016;500.0
ALB;2016;100.0
DZA;2016;200.0
AND;2016;
AGO;2016;15000.0
ATG;2016;
ARG;2016;1300.0
ARM;2016;
AUS;2016;100.0
AUT;2016;
AZE;2016;500.0
BHS;2016;200.0
BHR;2016;100.0
BGD;2016;500.0
BRB;2016;100.0
BLR;2016;500.0
BEL;2016;
BLZ;2016;200.0
BEN;2016;2300.0
BTN;2016;100.0
BOL;2016;810.0
BIH;2016;
BWA;2016;5200.0
BRA;2016;15000.0
BRN;2016;
BGR;2016;100.0
BFA;2016;3400.0
BDI;2016;2700.0
CPV;2016;100.0
KHM;2016;1900.0
CMR;2016;24000.0
CAN;2016;
CAF;2016;4800.0
TCD;2016;4300.0
CHL;2016;
CHN;2016;
COL;2016;3300.0
COM;2016;100.0
COG;2016;6300.0
COK;2016;
CRI;2016;200.0
CIV;2016;19000.0
HRV;2016;100.0
CUB;2016;500.0
CYP;2016;100.0
CZE;2016;
PRK;2016;
COD;2016;31000.0
DNK;2016;100.0
DJI;2016;500.0
DMA;2016;
DOM;2016;2800.0
ECU;2016;800.0
EGY;2016;500.0
SLV;2016;630.0
GNQ;2016;2200.0
ERI;2016;500.0
EST;2016;
SWZ;2016;3200.0
ETH;2016;16000.0
FJI;2016;100.0
FIN;2016;
FRA;2016;620.0
GAB;2016;1900.0
GMB;2016;1200.0
GEO;2016;100.0
DEU;2016;500.0
GHA;2016;16000.0
GRC;2016;100.0
GRD;2016;
GTM;2016;1300.0
GIN;2016;4500.0
GNB;2016;1900.0
GUY;2016;200.0
HTI;2016;3300.0
HND;2016;930.0
HUN;2016;
ISL;2016;100.0
IND;2016;91000.0
IDN;2016;25000.0
IRN;2016;4500.0
IRQ;2016;
IRL;2016;100.0
ISR;2016;
ITA;2016;730.0
JAM;2016;820.0
JPN;2016;
JOR;2016;
KAZ;2016;200.0
KEN;2016;30000.0
KIR;2016;
KWT;2016;
KGZ;2016;500.0
LAO;2016;500.0
LVA;2016;500.0
LBN;2016;100.0
LSO;2016;7300.0
LBR;2016;2300.0
LBY;2016;100.0
LTU;2016;100.0
LUX;2016;100.0
MDG;2016;1600.0
MWI;2016;20000.0
MYS;2016;2300.0
MDV;2016;
MLI;2016;5200.0
MLT;2016;
MHL;2016;
MRT;2016;570.0
MUS;2016;
MEX;2016;5600.0
FSM;2016;
MCO;2016;
MNG;2016;100.0
MNE;2016;100.0
MAR;2016;660.0
MOZ;2016;
MMR;2016;9400.0
NAM;2016;3500.0
NRU;2016;
NPL;2016;860.0
NLD;2016;100.0
NZL;2016;100.0
NIC;2016;500.0
NER;2016;1500.0
NGA;2016;58000.0
NIU;2016;
MKD;2016;
NOR;2016;100.0
OMN;2016;100.0
PAK;2016;6000.0
PLW;2016;
PAN;2016;
PNG;2016;520.0
PRY;2016;500.0
PER;2016;1600.0
PHL;2016;570.0
POL;2016;
PRT;2016;500.0
QAT;2016;100.0
KOR;2016;
MDA;2016;570.0
ROU;2016;500.0
RUS;2016;
RWA;2016;3600.0
KNA;2016;
LCA;2016;
VCT;2016;
WSM;2016;
SMR;2016;
STP;2016;
SAU;2016;
SEN;2016;2000.0
SRB;2016;100.0
SYC;2016;
SLE;2016;4300.0
SGP;2016;100.0
SVK;2016;100.0
SVN;2016;
SLB;2016;
SOM;2016;650.0
ZAF;2016;82000.0
SSD;2016;8900.0
ESP;2016;870.0
LKA;2016;200.0
SDN;2016;2500.0
SUR;2016;200.0
SWE;2016;
CHE;2016;200.0
SYR;2016;100.0
TJK;2016;200.0
THA;2016;16000.0
GBR;2016;
TLS;2016;100.0
TGO;2016;4500.0
TON;2016;
TTO;2016;500.0
TUN;2016;200.0
TUR;2016;
TKM;2016;
TUV;2016;
UGA;2016;27000.0
UKR;2016;9200.0
ARE;2016;
TZA;2016;41000.0
USA;2016;8400.0
URY;2016;500.0
UZB;2016;970.0
VUT;2016;
VEN;2016;2100.0
VNM;2016;4300.0
YEM;2016;500.0
ZMB;2016;22000.0
ZWE;2016;28000.0
AFG;2015;500.0
ALB;2015;100.0
DZA;2015;200.0
AND;2015;
AGO;2015;15000.0
ATG;2015;
ARG;2015;1300.0
ARM;2015;
AUS;2015;100.0
AUT;2015;
AZE;2015;510.0
BHS;2015;200.0
BHR;2015;100.0
BGD;2015;500.0
BRB;2015;100.0
BLR;2015;500.0
BEL;2015;
BLZ;2015;200.0
BEN;2015;2500.0
BTN;2015;100.0
BOL;2015;980.0
BIH;2015;
BWA;2015;5000.0
BRA;2015;16000.0
BRN;2015;
BGR;2015;100.0
BFA;2015;3900.0
BDI;2015;3200.0
CPV;2015;100.0
KHM;2015;2000.0
CMR;2015;25000.0
CAN;2015;
CAF;2015;5600.0
TCD;2015;4300.0
CHL;2015;
CHN;2015;
COL;2015;3800.0
COM;2015;100.0
COG;2015;6100.0
COK;2015;
CRI;2015;500.0
CIV;2015;21000.0
HRV;2015;100.0
CUB;2015;500.0
CYP;2015;100.0
CZE;2015;
PRK;2015;
COD;2015;35000.0
DNK;2015;100.0
DJI;2015;610.0
DMA;2015;
DOM;2015;2900.0
ECU;2015;1000.0
EGY;2015;500.0
SLV;2015;560.0
GNQ;2015;1900.0
ERI;2015;500.0
EST;2015;
SWZ;2015;3500.0
ETH;2015;16000.0
FJI;2015;100.0
FIN;2015;
FRA;2015;600.0
GAB;2015;1800.0
GMB;2015;1200.0
GEO;2015;100.0
DEU;2015;500.0
GHA;2015;17000.0
GRC;2015;100.0
GRD;2015;
GTM;2015;1200.0
GIN;2015;4400.0
GNB;2015;1900.0
GUY;2015;200.0
HTI;2015;3600.0
HND;2015;1000.0
HUN;2015;
ISL;2015;100.0
IND;2015;98000.0
IDN;2015;24000.0
IRN;2015;4700.0
IRQ;2015;
IRL;2015;100.0
ISR;2015;
ITA;2015;730.0
JAM;2015;810.0
JPN;2015;
JOR;2015;
KAZ;2015;500.0
KEN;2015;35000.0
KIR;2015;
KWT;2015;
KGZ;2015;500.0
LAO;2015;500.0
LVA;2015;500.0
LBN;2015;100.0
LSO;2015;8000.0
LBR;2015;2400.0
LBY;2015;100.0
LTU;2015;100.0
LUX;2015;100.0
MDG;2015;1400.0
MWI;2015;21000.0
MYS;2015;2700.0
MDV;2015;
MLI;2015;5600.0
MLT;2015;
MHL;2015;
MRT;2015;560.0
MUS;2015;
MEX;2015;6500.0
FSM;2015;
MCO;2015;
MNG;2015;100.0
MNE;2015;100.0
MAR;2015;700.0
MOZ;2015;
MMR;2015;10000.0
NAM;2015;3100.0
NRU;2015;
NPL;2015;920.0
NLD;2015;100.0
NZL;2015;100.0
NIC;2015;500.0
NER;2015;1700.0
NGA;2015;60000.0
NIU;2015;
MKD;2015;
NOR;2015;100.0
OMN;2015;100.0
PAK;2015;5200.0
PLW;2015;
PAN;2015;
PNG;2015;540.0
PRY;2015;500.0
PER;2015;1300.0
PHL;2015;510.0
POL;2015;
PRT;2015;500.0
QAT;2015;100.0
KOR;2015;
MDA;2015;610.0
ROU;2015;500.0
RUS;2015;
RWA;2015;3800.0
KNA;2015;
LCA;2015;
VCT;2015;
WSM;2015;
SMR;2015;
STP;2015;
SAU;2015;
SEN;2015;2200.0
SRB;2015;100.0
SYC;2015;
SLE;2015;4600.0
SGP;2015;100.0
SVK;2015;100.0
SVN;2015;
SLB;2015;
SOM;2015;750.0
ZAF;2015;86000.0
SSD;2015;9400.0
ESP;2015;920.0
LKA;2015;500.0
SDN;2015;2600.0
SUR;2015;200.0
SWE;2015;
CHE;2015;200.0
SYR;2015;100.0
TJK;2015;500.0
THA;2015;17000.0
GBR;2015;
TLS;2015;100.0
TGO;2015;4800.0
TON;2015;
TTO;2015;500.0
TUN;2015;200.0
TUR;2015;
TKM;2015;
TUV;2015;
UGA;2015;30000.0
UKR;2015;8200.0
ARE;2015;
TZA;2015;44000.0
USA;2015;9000.0
URY;2015;500.0
UZB;2015;1200.0
VUT;2015;
VEN;2015;2900.0
VNM;2015;4900.0
YEM;2015;500.0
ZMB;2015;24000.0
ZWE;2015;30000.0
AFG;2014;500.0
ALB;2014;100.0
DZA;2014;200.0
AND;2014;
AGO;2014;15000.0
ATG;2014;
ARG;2014;1300.0
ARM;2014;
AUS;2014;100.0
AUT;2014;
AZE;2014;500.0
BHS;2014;200.0
BHR;2014;100.0
BGD;2014;500.0
BRB;2014;100.0
BLR;2014;500.0
BEL;2014;
BLZ;2014;200.0
BEN;2014;2400.0
BTN;2014;100.0
BOL;2014;1100.0
BIH;2014;
BWA;2014;5300.0
BRA;2014;16000.0
BRN;2014;
BGR;2014;100.0
BFA;2014;4100.0
BDI;2014;3600.0
CPV;2014;100.0
KHM;2014;2000.0
CMR;2014;25000.0
CAN;2014;
CAF;2014;6900.0
TCD;2014;4200.0
CHL;2014;
CHN;2014;
COL;2014;4100.0
COM;2014;100.0
COG;2014;5700.0
COK;2014;
CRI;2014;200.0
CIV;2014;24000.0
HRV;2014;100.0
CUB;2014;500.0
CYP;2014;100.0
CZE;2014;
PRK;2014;
COD;2014;37000.0
DNK;2014;100.0
DJI;2014;690.0
DMA;2014;
DOM;2014;3200.0
ECU;2014;1100.0
EGY;2014;500.0
SLV;2014;510.0
GNQ;2014;1800.0
ERI;2014;500.0
EST;2014;
SWZ;2014;3800.0
ETH;2014;16000.0
FJI;2014;100.0
FIN;2014;
FRA;2014;570.0
GAB;2014;1900.0
GMB;2014;1100.0
GEO;2014;100.0
DEU;2014;500.0
GHA;2014;17000.0
GRC;2014;100.0
GRD;2014;
GTM;2014;1100.0
GIN;2014;4100.0
GNB;2014;2000.0
GUY;2014;200.0
HTI;2014;3900.0
HND;2014;1000.0
HUN;2014;
ISL;2014;100.0
IND;2014;100000.0
IDN;2014;23000.0
IRN;2014;4700.0
IRQ;2014;
IRL;2014;100.0
ISR;2014;
ITA;2014;780.0
JAM;2014;830.0
JPN;2014;
JOR;2014;
KAZ;2014;500.0
KEN;2014;38000.0
KIR;2014;
KWT;2014;
KGZ;2014;500.0
LAO;2014;500.0
LVA;2014;500.0
LBN;2014;100.0
LSO;2014;8000.0
LBR;2014;2400.0
LBY;2014;100.0
LTU;2014;100.0
LUX;2014;100.0
MDG;2014;1200.0
MWI;2014;23000.0
MYS;2014;3100.0
MDV;2014;
MLI;2014;5600.0
MLT;2014;
MHL;2014;
MRT;2014;570.0
MUS;2014;
MEX;2014;6500.0
FSM;2014;
MCO;2014;
MNG;2014;100.0
MNE;2014;100.0
MAR;2014;720.0
MOZ;2014;
MMR;2014;10000.0
NAM;2014;3100.0
NRU;2014;
NPL;2014;1000.0
NLD;2014;100.0
NZL;2014;100.0
NIC;2014;500.0
NER;2014;1500.0
NGA;2014;64000.0
NIU;2014;
MKD;2014;
NOR;2014;100.0
OMN;2014;100.0
PAK;2014;4500.0
PLW;2014;
PAN;2014;
PNG;2014;620.0
PRY;2014;500.0
PER;2014;1200.0
PHL;2014;500.0
POL;2014;
PRT;2014;500.0
QAT;2014;100.0
KOR;2014;
MDA;2014;630.0
ROU;2014;500.0
RUS;2014;
RWA;2014;4100.0
KNA;2014;
LCA;2014;
VCT;2014;
WSM;2014;
SMR;2014;
STP;2014;
SAU;2014;
SEN;2014;2400.0
SRB;2014;100.0
SYC;2014;
SLE;2014;4600.0
SGP;2014;100.0
SVK;2014;100.0
SVN;2014;
SLB;2014;
SOM;2014;800.0
ZAF;2014;92000.0
SSD;2014;10000.0
ESP;2014;930.0
LKA;2014;500.0
SDN;2014;2600.0
SUR;2014;200.0
SWE;2014;
CHE;2014;200.0
SYR;2014;100.0
TJK;2014;500.0
THA;2014;19000.0
GBR;2014;
TLS;2014;100.0
TGO;2014;4800.0
TON;2014;
TTO;2014;500.0
TUN;2014;200.0
TUR;2014;
TKM;2014;
TUV;2014;
UGA;2014;34000.0
UKR;2014;8600.0
ARE;2014;
TZA;2014;47000.0
USA;2014;9500.0
URY;2014;500.0
UZB;2014;1300.0
VUT;2014;
VEN;2014;3000.0
VNM;2014;5100.0
YEM;2014;500.0
ZMB;2014;25000.0
ZWE;2014;32000.0
AFG;2013;500.0
ALB;2013;100.0
DZA;2013;200.0
AND;2013;
AGO;2013;17000.0
ATG;2013;
ARG;2013;1300.0
ARM;2013;
AUS;2013;100.0
AUT;2013;
AZE;2013;510.0
BHS;2013;500.0
BHR;2013;100.0
BGD;2013;500.0
BRB;2013;100.0
BLR;2013;500.0
BEL;2013;
BLZ;2013;200.0
BEN;2013;2100.0
BTN;2013;100.0
BOL;2013;1100.0
BIH;2013;
BWA;2013;5400.0
BRA;2013;16000.0
BRN;2013;
BGR;2013;100.0
BFA;2013;4400.0
BDI;2013;3900.0
CPV;2013;100.0
KHM;2013;1900.0
CMR;2013;25000.0
CAN;2013;
CAF;2013;7300.0
TCD;2013;4200.0
CHL;2013;
CHN;2013;
COL;2013;4300.0
COM;2013;100.0
COG;2013;5400.0
COK;2013;
CRI;2013;200.0
CIV;2013;25000.0
HRV;2013;100.0
CUB;2013;500.0
CYP;2013;100.0
CZE;2013;
PRK;2013;
COD;2013;40000.0
DNK;2013;100.0
DJI;2013;730.0
DMA;2013;
DOM;2013;3300.0
ECU;2013;980.0
EGY;2013;500.0
SLV;2013;500.0
GNQ;2013;2000.0
ERI;2013;500.0
EST;2013;
SWZ;2013;3900.0
ETH;2013;16000.0
FJI;2013;100.0
FIN;2013;
FRA;2013;530.0
GAB;2013;2200.0
GMB;2013;1000.0
GEO;2013;100.0
DEU;2013;500.0
GHA;2013;16000.0
GRC;2013;100.0
GRD;2013;
GTM;2013;1200.0
GIN;2013;3900.0
GNB;2013;1900.0
GUY;2013;100.0
HTI;2013;4600.0
HND;2013;1100.0
HUN;2013;
ISL;2013;100.0
IND;2013;120000.0
IDN;2013;21000.0
IRN;2013;4700.0
IRQ;2013;
IRL;2013;100.0
ISR;2013;
ITA;2013;820.0
JAM;2013;900.0
JPN;2013;
JOR;2013;
KAZ;2013;500.0
KEN;2013;40000.0
KIR;2013;
KWT;2013;
KGZ;2013;500.0
LAO;2013;500.0
LVA;2013;500.0
LBN;2013;100.0
LSO;2013;8000.0
LBR;2013;2500.0
LBY;2013;100.0
LTU;2013;100.0
LUX;2013;100.0
MDG;2013;1000.0
MWI;2013;26000.0
MYS;2013;3300.0
MDV;2013;
MLI;2013;5300.0
MLT;2013;
MHL;2013;
MRT;2013;600.0
MUS;2013;
MEX;2013;6200.0
FSM;2013;
MCO;2013;
MNG;2013;100.0
MNE;2013;100.0
MAR;2013;780.0
MOZ;2013;
MMR;2013;11000.0
NAM;2013;3400.0
NRU;2013;
NPL;2013;1100.0
NLD;2013;100.0
NZL;2013;100.0
NIC;2013;500.0
NER;2013;1600.0
NGA;2013;74000.0
NIU;2013;
MKD;2013;
NOR;2013;100.0
OMN;2013;100.0
PAK;2013;3600.0
PLW;2013;
PAN;2013;
PNG;2013;750.0
PRY;2013;500.0
PER;2013;1100.0
PHL;2013;500.0
POL;2013;
PRT;2013;530.0
QAT;2013;100.0
KOR;2013;
MDA;2013;630.0
ROU;2013;500.0
RUS;2013;
RWA;2013;4600.0
KNA;2013;
LCA;2013;
VCT;2013;
WSM;2013;
SMR;2013;
STP;2013;
SAU;2013;
SEN;2013;2500.0
SRB;2013;100.0
SYC;2013;
SLE;2013;4400.0
SGP;2013;100.0
SVK;2013;100.0
SVN;2013;
SLB;2013;
SOM;2013;850.0
ZAF;2013;110000.0
SSD;2013;10000.0
ESP;2013;970.0
LKA;2013;500.0
SDN;2013;2700.0
SUR;2013;200.0
SWE;2013;
CHE;2013;200.0
SYR;2013;100.0
TJK;2013;500.0
THA;2013;21000.0
GBR;2013;
TLS;2013;100.0
TGO;2013;5000.0
TON;2013;
TTO;2013;500.0
TUN;2013;200.0
TUR;2013;
TKM;2013;
TUV;2013;
UGA;2013;38000.0
UKR;2013;11000.0
ARE;2013;
TZA;2013;54000.0
USA;2013;9000.0
URY;2013;500.0
UZB;2013;1100.0
VUT;2013;
VEN;2013;2700.0
VNM;2013;5500.0
YEM;2013;500.0
ZMB;2013;26000.0
ZWE;2013;36000.0
AFG;2012;500.0
ALB;2012;100.0
DZA;2012;200.0
AND;2012;
AGO;2012;16000.0
ATG;2012;
ARG;2012;1400.0
ARM;2012;
AUS;2012;200.0
AUT;2012;
AZE;2012;540.0
BHS;2012;200.0
BHR;2012;100.0
BGD;2012;500.0
BRB;2012;100.0
BLR;2012;500.0
BEL;2012;
BLZ;2012;200.0
BEN;2012;2200.0
BTN;2012;100.0
BOL;2012;1400.0
BIH;2012;
BWA;2012;5400.0
BRA;2012;16000.0
BRN;2012;
BGR;2012;100.0
BFA;2012;4400.0
BDI;2012;4300.0
CPV;2012;100.0
KHM;2012;1800.0
CMR;2012;26000.0
CAN;2012;
CAF;2012;7700.0
TCD;2012;4200.0
CHL;2012;
CHN;2012;
COL;2012;5200.0
COM;2012;100.0
COG;2012;5000.0
COK;2012;
CRI;2012;200.0
CIV;2012;26000.0
HRV;2012;100.0
CUB;2012;500.0
CYP;2012;100.0
CZE;2012;
PRK;2012;
COD;2012;43000.0
DNK;2012;100.0
DJI;2012;830.0
DMA;2012;
DOM;2012;3500.0
ECU;2012;850.0
EGY;2012;500.0
SLV;2012;500.0
GNQ;2012;2100.0
ERI;2012;530.0
EST;2012;
SWZ;2012;4200.0
ETH;2012;19000.0
FJI;2012;100.0
FIN;2012;
FRA;2012;550.0
GAB;2012;2500.0
GMB;2012;1000.0
GEO;2012;100.0
DEU;2012;500.0
GHA;2012;17000.0
GRC;2012;100.0
GRD;2012;
GTM;2012;1300.0
GIN;2012;4200.0
GNB;2012;2000.0
GUY;2012;100.0
HTI;2012;5200.0
HND;2012;1200.0
HUN;2012;
ISL;2012;100.0
IND;2012;140000.0
IDN;2012;19000.0
IRN;2012;4600.0
IRQ;2012;
IRL;2012;100.0
ISR;2012;
ITA;2012;750.0
JAM;2012;940.0
JPN;2012;
JOR;2012;
KAZ;2012;500.0
KEN;2012;44000.0
KIR;2012;
KWT;2012;
KGZ;2012;500.0
LAO;2012;500.0
LVA;2012;500.0
LBN;2012;100.0
LSO;2012;7700.0
LBR;2012;2500.0
LBY;2012;100.0
LTU;2012;200.0
LUX;2012;100.0
MDG;2012;810.0
MWI;2012;31000.0
MYS;2012;3100.0
MDV;2012;
MLI;2012;5000.0
MLT;2012;
MHL;2012;
MRT;2012;590.0
MUS;2012;
MEX;2012;6600.0
FSM;2012;
MCO;2012;
MNG;2012;100.0
MNE;2012;100.0
MAR;2012;870.0
MOZ;2012;
MMR;2012;11000.0
NAM;2012;3700.0
NRU;2012;
NPL;2012;1200.0
NLD;2012;100.0
NZL;2012;100.0
NIC;2012;500.0
NER;2012;1800.0
NGA;2012;82000.0
NIU;2012;
MKD;2012;
NOR;2012;100.0
OMN;2012;100.0
PAK;2012;3000.0
PLW;2012;
PAN;2012;
PNG;2012;830.0
PRY;2012;500.0
PER;2012;1200.0
PHL;2012;500.0
POL;2012;
PRT;2012;590.0
QAT;2012;100.0
KOR;2012;
MDA;2012;640.0
ROU;2012;500.0
RUS;2012;
RWA;2012;5000.0
KNA;2012;
LCA;2012;
VCT;2012;
WSM;2012;
SMR;2012;
STP;2012;
SAU;2012;
SEN;2012;2300.0
SRB;2012;100.0
SYC;2012;
SLE;2012;4400.0
SGP;2012;100.0
SVK;2012;100.0
SVN;2012;
SLB;2012;
SOM;2012;920.0
ZAF;2012;130000.0
SSD;2012;10000.0
ESP;2012;1000.0
LKA;2012;500.0
SDN;2012;2600.0
SUR;2012;200.0
SWE;2012;
CHE;2012;200.0
SYR;2012;100.0
TJK;2012;200.0
THA;2012;22000.0
GBR;2012;
TLS;2012;100.0
TGO;2012;5200.0
TON;2012;
TTO;2012;500.0
TUN;2012;200.0
TUR;2012;
TKM;2012;
TUV;2012;
UGA;2012;44000.0
UKR;2012;13000.0
ARE;2012;
TZA;2012;66000.0
USA;2012;9600.0
URY;2012;500.0
UZB;2012;810.0
VUT;2012;
VEN;2012;2500.0
VNM;2012;5800.0
YEM;2012;500.0
ZMB;2012;28000.0
ZWE;2012;41000.0
AFG;2011;500.0
ALB;2011;100.0
DZA;2011;200.0
AND;2011;
AGO;2011;16000.0
ATG;2011;
ARG;2011;1400.0
ARM;2011;
AUS;2011;200.0
AUT;2011;
AZE;2011;580.0
BHS;2011;200.0
BHR;2011;100.0
BGD;2011;500.0
BRB;2011;100.0
BLR;2011;500.0
BEL;2011;
BLZ;2011;200.0
BEN;2011;2300.0
BTN;2011;100.0
BOL;2011;1300.0
BIH;2011;
BWA;2011;6000.0
BRA;2011;15000.0
BRN;2011;
BGR;2011;100.0
BFA;2011;4600.0
BDI;2011;4900.0
CPV;2011;100.0
KHM;2011;1700.0
CMR;2011;27000.0
CAN;2011;
CAF;2011;7800.0
TCD;2011;4100.0
CHL;2011;
CHN;2011;
COL;2011;6200.0
COM;2011;100.0
COG;2011;5100.0
COK;2011;
CRI;2011;200.0
CIV;2011;29000.0
HRV;2011;100.0
CUB;2011;500.0
CYP;2011;100.0
CZE;2011;
PRK;2011;
COD;2011;44000.0
DNK;2011;100.0
DJI;2011;870.0
DMA;2011;
DOM;2011;3600.0
ECU;2011;920.0
EGY;2011;500.0
SLV;2011;500.0
GNQ;2011;1900.0
ERI;2011;630.0
EST;2011;
SWZ;2011;4900.0
ETH;2011;22000.0
FJI;2011;100.0
FIN;2011;
FRA;2011;570.0
GAB;2011;2600.0
GMB;2011;1100.0
GEO;2011;100.0
DEU;2011;500.0
GHA;2011;19000.0
GRC;2011;100.0
GRD;2011;
GTM;2011;1300.0
GIN;2011;4300.0
GNB;2011;2100.0
GUY;2011;100.0
HTI;2011;5500.0
HND;2011;1300.0
HUN;2011;
ISL;2011;100.0
IND;2011;160000.0
IDN;2011;16000.0
IRN;2011;4400.0
IRQ;2011;
IRL;2011;100.0
ISR;2011;
ITA;2011;730.0
JAM;2011;940.0
JPN;2011;
JOR;2011;
KAZ;2011;500.0
KEN;2011;49000.0
KIR;2011;
KWT;2011;
KGZ;2011;200.0
LAO;2011;500.0
LVA;2011;500.0
LBN;2011;100.0
LSO;2011;7700.0
LBR;2011;2700.0
LBY;2011;100.0
LTU;2011;200.0
LUX;2011;100.0
MDG;2011;670.0
MWI;2011;36000.0
MYS;2011;3000.0
MDV;2011;
MLI;2011;5300.0
MLT;2011;
MHL;2011;
MRT;2011;570.0
MUS;2011;
MEX;2011;6400.0
FSM;2011;
MCO;2011;
MNG;2011;100.0
MNE;2011;100.0
MAR;2011;910.0
MOZ;2011;
MMR;2011;11000.0
NAM;2011;3700.0
NRU;2011;
NPL;2011;1300.0
NLD;2011;100.0
NZL;2011;100.0
NIC;2011;500.0
NER;2011;2000.0
NGA;2011;83000.0
NIU;2011;
MKD;2011;
NOR;2011;100.0
OMN;2011;100.0
PAK;2011;2200.0
PLW;2011;
PAN;2011;
PNG;2011;830.0
PRY;2011;500.0
PER;2011;1200.0
PHL;2011;500.0
POL;2011;
PRT;2011;670.0
QAT;2011;100.0
KOR;2011;
MDA;2011;640.0
ROU;2011;500.0
RUS;2011;
RWA;2011;5600.0
KNA;2011;
LCA;2011;
VCT;2011;
WSM;2011;
SMR;2011;
STP;2011;
SAU;2011;
SEN;2011;2200.0
SRB;2011;100.0
SYC;2011;
SLE;2011;4600.0
SGP;2011;100.0
SVK;2011;100.0
SVN;2011;
SLB;2011;
SOM;2011;970.0
ZAF;2011;150000.0
SSD;2011;10000.0
ESP;2011;1100.0
LKA;2011;500.0
SDN;2011;2600.0
SUR;2011;200.0
SWE;2011;
CHE;2011;200.0
SYR;2011;100.0
TJK;2011;200.0
THA;2011;24000.0
GBR;2011;
TLS;2011;100.0
TGO;2011;5700.0
TON;2011;
TTO;2011;500.0
TUN;2011;100.0
TUR;2011;
TKM;2011;
TUV;2011;
UGA;2011;47000.0
UKR;2011;14000.0
ARE;2011;
TZA;2011;68000.0
USA;2011;12000.0
URY;2011;500.0
UZB;2011;740.0
VUT;2011;
VEN;2011;2400.0
VNM;2011;6100.0
YEM;2011;500.0
ZMB;2011;30000.0
ZWE;2011;51000.0
AFG;2010;500.0
ALB;2010;100.0
DZA;2010;200.0
AND;2010;
AGO;2010;15000.0
ATG;2010;
ARG;2010;1500.0
ARM;2010;
AUS;2010;200.0
AUT;2010;
AZE;2010;600.0
BHS;2010;200.0
BHR;2010;100.0
BGD;2010;500.0
BRB;2010;100.0
BLR;2010;500.0
BEL;2010;
BLZ;2010;200.0
BEN;2010;2400.0
BTN;2010;100.0
BOL;2010;1300.0
BIH;2010;
BWA;2010;6500.0
BRA;2010;15000.0
BRN;2010;
BGR;2010;100.0
BFA;2010;5100.0
BDI;2010;5700.0
CPV;2010;100.0
KHM;2010;1800.0
CMR;2010;27000.0
CAN;2010;
CAF;2010;8100.0
TCD;2010;4400.0
CHL;2010;
CHN;2010;
COL;2010;6100.0
COM;2010;100.0
COG;2010;5200.0
COK;2010;
CRI;2010;500.0
CIV;2010;31000.0
HRV;2010;100.0
CUB;2010;500.0
CYP;2010;100.0
CZE;2010;
PRK;2010;
COD;2010;46000.0
DNK;2010;100.0
DJI;2010;870.0
DMA;2010;
DOM;2010;3800.0
ECU;2010;1000.0
EGY;2010;500.0
SLV;2010;510.0
GNQ;2010;1600.0
ERI;2010;730.0
EST;2010;
SWZ;2010;6000.0
ETH;2010;27000.0
FJI;2010;100.0
FIN;2010;
FRA;2010;590.0
GAB;2010;2600.0
GMB;2010;1200.0
GEO;2010;100.0
DEU;2010;500.0
GHA;2010;21000.0
GRC;2010;100.0
GRD;2010;
GTM;2010;1200.0
GIN;2010;4600.0
GNB;2010;2100.0
GUY;2010;100.0
HTI;2010;5400.0
HND;2010;1300.0
HUN;2010;
ISL;2010;100.0
IND;2010;180000.0
IDN;2010;14000.0
IRN;2010;4000.0
IRQ;2010;
IRL;2010;100.0
ISR;2010;
ITA;2010;720.0
JAM;2010;920.0
JPN;2010;
JOR;2010;
KAZ;2010;500.0
KEN;2010;56000.0
KIR;2010;
KWT;2010;
KGZ;2010;200.0
LAO;2010;500.0
LVA;2010;500.0
LBN;2010;100.0
LSO;2010;8700.0
LBR;2010;3000.0
LBY;2010;100.0
LTU;2010;200.0
LUX;2010;100.0
MDG;2010;550.0
MWI;2010;41000.0
MYS;2010;3000.0
MDV;2010;
MLI;2010;5700.0
MLT;2010;
MHL;2010;
MRT;2010;550.0
MUS;2010;
MEX;2010;6100.0
FSM;2010;
MCO;2010;
MNG;2010;100.0
MNE;2010;100.0
MAR;2010;890.0
MOZ;2010;
MMR;2010;11000.0
NAM;2010;3900.0
NRU;2010;
NPL;2010;1500.0
NLD;2010;100.0
NZL;2010;100.0
NIC;2010;500.0
NER;2010;2200.0
NGA;2010;82000.0
NIU;2010;
MKD;2010;
NOR;2010;100.0
OMN;2010;100.0
PAK;2010;1600.0
PLW;2010;
PAN;2010;
PNG;2010;780.0
PRY;2010;500.0
PER;2010;1800.0
PHL;2010;500.0
POL;2010;
PRT;2010;780.0
QAT;2010;100.0
KOR;2010;
MDA;2010;620.0
ROU;2010;500.0
RUS;2010;
RWA;2010;6500.0
KNA;2010;
LCA;2010;
VCT;2010;
WSM;2010;
SMR;2010;
STP;2010;
SAU;2010;
SEN;2010;2100.0
SRB;2010;100.0
SYC;2010;
SLE;2010;4900.0
SGP;2010;100.0
SVK;2010;100.0
SVN;2010;
SLB;2010;
SOM;2010;1000.0
ZAF;2010;190000.0
SSD;2010;9900.0
ESP;2010;1300.0
LKA;2010;500.0
SDN;2010;2400.0
SUR;2010;200.0
SWE;2010;
CHE;2010;200.0
SYR;2010;100.0
TJK;2010;200.0
THA;2010;27000.0
GBR;2010;
TLS;2010;100.0
TGO;2010;6900.0
TON;2010;
TTO;2010;500.0
TUN;2010;100.0
TUR;2010;
TKM;2010;
TUV;2010;
UGA;2010;51000.0
UKR;2010;14000.0
ARE;2010;
TZA;2010;73000.0
USA;2010;12000.0
URY;2010;500.0
UZB;2010;650.0
VUT;2010;
VEN;2010;2500.0
VNM;2010;6200.0
YEM;2010;500.0
ZMB;2010;32000.0
ZWE;2010;65000.0
AFG;2009;500.0
ALB;2009;100.0
DZA;2009;200.0
AND;2009;
AGO;2009;14000.0
ATG;2009;
ARG;2009;1500.0
ARM;2009;
AUS;2009;200.0
AUT;2009;
AZE;2009;570.0
BHS;2009;200.0
BHR;2009;100.0
BGD;2009;500.0
BRB;2009;100.0
BLR;2009;500.0
BEL;2009;
BLZ;2009;200.0
BEN;2009;3100.0
BTN;2009;100.0
BOL;2009;1400.0
BIH;2009;
BWA;2009;7500.0
BRA;2009;15000.0
BRN;2009;
BGR;2009;100.0
BFA;2009;6000.0
BDI;2009;6600.0
CPV;2009;100.0
KHM;2009;2100.0
CMR;2009;29000.0
CAN;2009;
CAF;2009;8600.0
TCD;2009;5200.0
CHL;2009;
CHN;2009;
COL;2009;5300.0
COM;2009;100.0
COG;2009;5400.0
COK;2009;
CRI;2009;500.0
CIV;2009;36000.0
HRV;2009;100.0
CUB;2009;500.0
CYP;2009;100.0
CZE;2009;
PRK;2009;
COD;2009;49000.0
DNK;2009;100.0
DJI;2009;880.0
DMA;2009;
DOM;2009;4100.0
ECU;2009;1200.0
EGY;2009;500.0
SLV;2009;570.0
GNQ;2009;1600.0
ERI;2009;860.0
EST;2009;
SWZ;2009;6900.0
ETH;2009;33000.0
FJI;2009;100.0
FIN;2009;
FRA;2009;730.0
GAB;2009;2600.0
GMB;2009;1300.0
GEO;2009;100.0
DEU;2009;
GHA;2009;22000.0
GRC;2009;100.0
GRD;2009;
GTM;2009;1300.0
GIN;2009;5200.0
GNB;2009;2100.0
GUY;2009;200.0
HTI;2009;6000.0
HND;2009;1400.0
HUN;2009;
ISL;2009;100.0
IND;2009;200000.0
IDN;2009;12000.0
IRN;2009;3600.0
IRQ;2009;
IRL;2009;100.0
ISR;2009;
ITA;2009;710.0
JAM;2009;1100.0
JPN;2009;
JOR;2009;
KAZ;2009;500.0
KEN;2009;65000.0
KIR;2009;
KWT;2009;
KGZ;2009;200.0
LAO;2009;200.0
LVA;2009;500.0
LBN;2009;100.0
LSO;2009;10000.0
LBR;2009;3200.0
LBY;2009;100.0
LTU;2009;100.0
LUX;2009;100.0
MDG;2009;500.0
MWI;2009;48000.0
MYS;2009;2900.0
MDV;2009;
MLI;2009;6100.0
MLT;2009;
MHL;2009;
MRT;2009;550.0
MUS;2009;
MEX;2009;5900.0
FSM;2009;
MCO;2009;
MNG;2009;100.0
MNE;2009;100.0
MAR;2009;880.0
MOZ;2009;
MMR;2009;11000.0
NAM;2009;4500.0
NRU;2009;
NPL;2009;1500.0
NLD;2009;100.0
NZL;2009;100.0
NIC;2009;500.0
NER;2009;2900.0
NGA;2009;90000.0
NIU;2009;
MKD;2009;
NOR;2009;100.0
OMN;2009;100.0
PAK;2009;1100.0
PLW;2009;
PAN;2009;
PNG;2009;740.0
PRY;2009;500.0
PER;2009;2400.0
PHL;2009;200.0
POL;2009;
PRT;2009;810.0
QAT;2009;100.0
KOR;2009;
MDA;2009;610.0
ROU;2009;500.0
RUS;2009;
RWA;2009;7500.0
KNA;2009;
LCA;2009;
VCT;2009;
WSM;2009;
SMR;2009;
STP;2009;
SAU;2009;
SEN;2009;2100.0
SRB;2009;100.0
SYC;2009;
SLE;2009;5200.0
SGP;2009;200.0
SVK;2009;100.0
SVN;2009;
SLB;2009;
SOM;2009;1100.0
ZAF;2009;220000.0
SSD;2009;9900.0
ESP;2009;1600.0
LKA;2009;500.0
SDN;2009;2500.0
SUR;2009;200.0
SWE;2009;
CHE;2009;200.0
SYR;2009;100.0
TJK;2009;100.0
THA;2009;29000.0
GBR;2009;
TLS;2009;100.0
TGO;2009;7700.0
TON;2009;
TTO;2009;500.0
TUN;2009;100.0
TUR;2009;
TKM;2009;
TUV;2009;
UGA;2009;56000.0
UKR;2009;15000.0
ARE;2009;
TZA;2009;79000.0
USA;2009;
URY;2009;500.0
UZB;2009;570.0
VUT;2009;
VEN;2009;2500.0
VNM;2009;6900.0
YEM;2009;500.0
ZMB;2009;36000.0
ZWE;2009;79000.0
AFG;2008;500.0
ALB;2008;100.0
DZA;2008;200.0
AND;2008;
AGO;2008;14000.0
ATG;2008;
ARG;2008;1600.0
ARM;2008;
AUS;2008;200.0
AUT;2008;
AZE;2008;530.0
BHS;2008;200.0
BHR;2008;100.0
BGD;2008;500.0
BRB;2008;100.0
BLR;2008;200.0
BEL;2008;
BLZ;2008;200.0
BEN;2008;5100.0
BTN;2008;100.0
BOL;2008;1400.0
BIH;2008;
BWA;2008;8500.0
BRA;2008;15000.0
BRN;2008;
BGR;2008;100.0
BFA;2008;6800.0
BDI;2008;7600.0
CPV;2008;100.0
KHM;2008;2700.0
CMR;2008;30000.0
CAN;2008;
CAF;2008;10000.0
TCD;2008;6800.0
CHL;2008;
CHN;2008;
COL;2008;4700.0
COM;2008;100.0
COG;2008;6200.0
COK;2008;
CRI;2008;500.0
CIV;2008;42000.0
HRV;2008;100.0
CUB;2008;560.0
CYP;2008;100.0
CZE;2008;
PRK;2008;
COD;2008;50000.0
DNK;2008;100.0
DJI;2008;900.0
DMA;2008;
DOM;2008;4400.0
ECU;2008;1300.0
EGY;2008;500.0
SLV;2008;620.0
GNQ;2008;1500.0
ERI;2008;1100.0
EST;2008;
SWZ;2008;7700.0
ETH;2008;40000.0
FJI;2008;100.0
FIN;2008;
FRA;2008;740.0
GAB;2008;2600.0
GMB;2008;1200.0
GEO;2008;100.0
DEU;2008;
GHA;2008;23000.0
GRC;2008;100.0
GRD;2008;
GTM;2008;1600.0
GIN;2008;5700.0
GNB;2008;2200.0
GUY;2008;200.0
HTI;2008;7200.0
HND;2008;1500.0
HUN;2008;
ISL;2008;100.0
IND;2008;230000.0
IDN;2008;9900.0
IRN;2008;3200.0
IRQ;2008;
IRL;2008;100.0
ISR;2008;
ITA;2008;740.0
JAM;2008;1200.0
JPN;2008;
JOR;2008;
KAZ;2008;200.0
KEN;2008;77000.0
KIR;2008;
KWT;2008;
KGZ;2008;200.0
LAO;2008;200.0
LVA;2008;500.0
LBN;2008;100.0
LSO;2008;12000.0
LBR;2008;3400.0
LBY;2008;100.0
LTU;2008;100.0
LUX;2008;100.0
MDG;2008;500.0
MWI;2008;58000.0
MYS;2008;2900.0
MDV;2008;
MLI;2008;6600.0
MLT;2008;
MHL;2008;
MRT;2008;560.0
MUS;2008;
MEX;2008;5700.0
FSM;2008;
MCO;2008;
MNG;2008;100.0
MNE;2008;100.0
MAR;2008;900.0
MOZ;2008;
MMR;2008;11000.0
NAM;2008;5600.0
NRU;2008;
NPL;2008;1700.0
NLD;2008;100.0
NZL;2008;100.0
NIC;2008;500.0
NER;2008;3100.0
NGA;2008;110000.0
NIU;2008;
MKD;2008;
NOR;2008;100.0
OMN;2008;100.0
PAK;2008;710.0
PLW;2008;
PAN;2008;
PNG;2008;800.0
PRY;2008;500.0
PER;2008;2600.0
PHL;2008;200.0
POL;2008;
PRT;2008;840.0
QAT;2008;100.0
KOR;2008;
MDA;2008;600.0
ROU;2008;500.0
RUS;2008;
RWA;2008;8700.0
KNA;2008;
LCA;2008;
VCT;2008;
WSM;2008;
SMR;2008;
STP;2008;
SAU;2008;
SEN;2008;2400.0
SRB;2008;100.0
SYC;2008;
SLE;2008;5300.0
SGP;2008;200.0
SVK;2008;100.0
SVN;2008;
SLB;2008;
SOM;2008;1100.0
ZAF;2008;240000.0
SSD;2008;9600.0
ESP;2008;1800.0
LKA;2008;500.0
SDN;2008;2900.0
SUR;2008;200.0
SWE;2008;
CHE;2008;200.0
SYR;2008;100.0
TJK;2008;100.0
THA;2008;31000.0
GBR;2008;
TLS;2008;100.0
TGO;2008;8200.0
TON;2008;
TTO;2008;500.0
TUN;2008;100.0
TUR;2008;
TKM;2008;
TUV;2008;
UGA;2008;62000.0
UKR;2008;15000.0
ARE;2008;
TZA;2008;83000.0
USA;2008;
URY;2008;500.0
UZB;2008;500.0
VUT;2008;
VEN;2008;2500.0
VNM;2008;8300.0
YEM;2008;500.0
ZMB;2008;43000.0
ZWE;2008;91000.0
AFG;2007;500.0
ALB;2007;100.0
DZA;2007;200.0
AND;2007;
AGO;2007;13000.0
ATG;2007;
ARG;2007;1600.0
ARM;2007;
AUS;2007;100.0
AUT;2007;
AZE;2007;500.0
BHS;2007;200.0
BHR;2007;100.0
BGD;2007;500.0
BRB;2007;100.0
BLR;2007;200.0
BEL;2007;
BLZ;2007;200.0
BEN;2007;5500.0
BTN;2007;100.0
BOL;2007;1400.0
BIH;2007;
BWA;2007;9400.0
BRA;2007;15000.0
BRN;2007;
BGR;2007;100.0
BFA;2007;7500.0
BDI;2007;8500.0
CPV;2007;100.0
KHM;2007;3400.0
CMR;2007;32000.0
CAN;2007;
CAF;2007;11000.0
TCD;2007;7400.0
CHL;2007;
CHN;2007;
COL;2007;5600.0
COM;2007;100.0
COG;2007;6500.0
COK;2007;
CRI;2007;200.0
CIV;2007;46000.0
HRV;2007;100.0
CUB;2007;590.0
CYP;2007;100.0
CZE;2007;
PRK;2007;
COD;2007;51000.0
DNK;2007;100.0
DJI;2007;940.0
DMA;2007;
DOM;2007;5000.0
ECU;2007;1500.0
EGY;2007;500.0
SLV;2007;650.0
GNQ;2007;1400.0
ERI;2007;1300.0
EST;2007;
SWZ;2007;8500.0
ETH;2007;51000.0
FJI;2007;100.0
FIN;2007;
FRA;2007;750.0
GAB;2007;2500.0
GMB;2007;1200.0
GEO;2007;100.0
DEU;2007;
GHA;2007;25000.0
GRC;2007;100.0
GRD;2007;
GTM;2007;1900.0
GIN;2007;5700.0
GNB;2007;2200.0
GUY;2007;200.0
HTI;2007;8300.0
HND;2007;1600.0
HUN;2007;
ISL;2007;100.0
IND;2007;260000.0
IDN;2007;8000.0
IRN;2007;2800.0
IRQ;2007;
IRL;2007;100.0
ISR;2007;
ITA;2007;790.0
JAM;2007;1400.0
JPN;2007;
JOR;2007;
KAZ;2007;200.0
KEN;2007;90000.0
KIR;2007;
KWT;2007;
KGZ;2007;100.0
LAO;2007;200.0
LVA;2007;500.0
LBN;2007;100.0
LSO;2007;16000.0
LBR;2007;3500.0
LBY;2007;100.0
LTU;2007;100.0
LUX;2007;100.0
MDG;2007;500.0
MWI;2007;67000.0
MYS;2007;2900.0
MDV;2007;
MLI;2007;7300.0
MLT;2007;
MHL;2007;
MRT;2007;590.0
MUS;2007;
MEX;2007;5800.0
FSM;2007;
MCO;2007;
MNG;2007;100.0
MNE;2007;100.0
MAR;2007;860.0
MOZ;2007;
MMR;2007;11000.0
NAM;2007;7600.0
NRU;2007;
NPL;2007;1800.0
NLD;2007;100.0
NZL;2007;100.0
NIC;2007;500.0
NER;2007;3300.0
NGA;2007;110000.0
NIU;2007;
MKD;2007;
NOR;2007;100.0
OMN;2007;100.0
PAK;2007;500.0
PLW;2007;
PAN;2007;
PNG;2007;1000.0
PRY;2007;500.0
PER;2007;3100.0
PHL;2007;200.0
POL;2007;
PRT;2007;880.0
QAT;2007;100.0
KOR;2007;
MDA;2007;590.0
ROU;2007;500.0
RUS;2007;
RWA;2007;10000.0
KNA;2007;
LCA;2007;
VCT;2007;
WSM;2007;
SMR;2007;
STP;2007;
SAU;2007;
SEN;2007;3600.0
SRB;2007;100.0
SYC;2007;
SLE;2007;5400.0
SGP;2007;500.0
SVK;2007;100.0
SVN;2007;
SLB;2007;
SOM;2007;1100.0
ZAF;2007;260000.0
SSD;2007;9100.0
ESP;2007;2100.0
LKA;2007;500.0
SDN;2007;2900.0
SUR;2007;200.0
SWE;2007;
CHE;2007;200.0
SYR;2007;100.0
TJK;2007;100.0
THA;2007;34000.0
GBR;2007;
TLS;2007;100.0
TGO;2007;8100.0
TON;2007;
TTO;2007;500.0
TUN;2007;100.0
TUR;2007;
TKM;2007;
TUV;2007;
UGA;2007;65000.0
UKR;2007;15000.0
ARE;2007;
TZA;2007;100000.0
USA;2007;
URY;2007;500.0
UZB;2007;500.0
VUT;2007;
VEN;2007;2500.0
VNM;2007;9400.0
YEM;2007;500.0
ZMB;2007;55000.0
ZWE;2007;100000.0
AFG;2006;200.0
ALB;2006;100.0
DZA;2006;200.0
AND;2006;
AGO;2006;13000.0
ATG;2006;
ARG;2006;1600.0
ARM;2006;
AUS;2006;200.0
AUT;2006;
AZE;2006;500.0
BHS;2006;200.0
BHR;2006;100.0
BGD;2006;200.0
BRB;2006;100.0
BLR;2006;200.0
BEL;2006;
BLZ;2006;200.0
BEN;2006;5400.0
BTN;2006;100.0
BOL;2006;1300.0
BIH;2006;
BWA;2006;11000.0
BRA;2006;15000.0
BRN;2006;
BGR;2006;100.0
BFA;2006;8800.0
BDI;2006;9100.0
CPV;2006;100.0
KHM;2006;4400.0
CMR;2006;31000.0
CAN;2006;
CAF;2006;12000.0
TCD;2006;8400.0
CHL;2006;
CHN;2006;
COL;2006;5600.0
COM;2006;100.0
COG;2006;6500.0
COK;2006;
CRI;2006;200.0
CIV;2006;50000.0
HRV;2006;100.0
CUB;2006;630.0
CYP;2006;100.0
CZE;2006;
PRK;2006;
COD;2006;53000.0
DNK;2006;100.0
DJI;2006;990.0
DMA;2006;
DOM;2006;5500.0
ECU;2006;1500.0
EGY;2006;500.0
SLV;2006;750.0
GNQ;2006;1300.0
ERI;2006;1600.0
EST;2006;
SWZ;2006;9600.0
ETH;2006;60000.0
FJI;2006;100.0
FIN;2006;
FRA;2006;750.0
GAB;2006;2500.0
GMB;2006;1100.0
GEO;2006;100.0
DEU;2006;
GHA;2006;25000.0
GRC;2006;100.0
GRD;2006;
GTM;2006;2200.0
GIN;2006;6200.0
GNB;2006;2200.0
GUY;2006;200.0
HTI;2006;9900.0
HND;2006;1800.0
HUN;2006;
ISL;2006;100.0
IND;2006;270000.0
IDN;2006;7000.0
IRN;2006;2300.0
IRQ;2006;
IRL;2006;100.0
ISR;2006;
ITA;2006;840.0
JAM;2006;1400.0
JPN;2006;
JOR;2006;
KAZ;2006;100.0
KEN;2006;110000.0
KIR;2006;
KWT;2006;
KGZ;2006;100.0
LAO;2006;200.0
LVA;2006;500.0
LBN;2006;100.0
LSO;2006;18000.0
LBR;2006;3700.0
LBY;2006;100.0
LTU;2006;100.0
LUX;2006;100.0
MDG;2006;500.0
MWI;2006;74000.0
MYS;2006;2900.0
MDV;2006;
MLI;2006;8500.0
MLT;2006;
MHL;2006;
MRT;2006;620.0
MUS;2006;
MEX;2006;6100.0
FSM;2006;
MCO;2006;
MNG;2006;100.0
MNE;2006;100.0
MAR;2006;810.0
MOZ;2006;
MMR;2006;10000.0
NAM;2006;9600.0
NRU;2006;
NPL;2006;1700.0
NLD;2006;100.0
NZL;2006;100.0
NIC;2006;500.0
NER;2006;3500.0
NGA;2006;120000.0
NIU;2006;
MKD;2006;
NOR;2006;100.0
OMN;2006;100.0
PAK;2006;500.0
PLW;2006;
PAN;2006;
PNG;2006;1200.0
PRY;2006;500.0
PER;2006;3600.0
PHL;2006;200.0
POL;2006;
PRT;2006;920.0
QAT;2006;100.0
KOR;2006;
MDA;2006;560.0
ROU;2006;500.0
RUS;2006;
RWA;2006;13000.0
KNA;2006;
LCA;2006;
VCT;2006;
WSM;2006;
SMR;2006;
STP;2006;
SAU;2006;
SEN;2006;3800.0
SRB;2006;100.0
SYC;2006;
SLE;2006;5300.0
SGP;2006;500.0
SVK;2006;100.0
SVN;2006;
SLB;2006;
SOM;2006;1100.0
ZAF;2006;280000.0
SSD;2006;8600.0
ESP;2006;2300.0
LKA;2006;200.0
SDN;2006;2800.0
SUR;2006;200.0
SWE;2006;
CHE;2006;200.0
SYR;2006;100.0
TJK;2006;100.0
THA;2006;38000.0
GBR;2006;
TLS;2006;100.0
TGO;2006;8000.0
TON;2006;
TTO;2006;500.0
TUN;2006;100.0
TUR;2006;
TKM;2006;
TUV;2006;
UGA;2006;64000.0
UKR;2006;14000.0
ARE;2006;
TZA;2006;120000.0
USA;2006;
URY;2006;500.0
UZB;2006;500.0
VUT;2006;
VEN;2006;3000.0
VNM;2006;10000.0
YEM;2006;500.0
ZMB;2006;62000.0
ZWE;2006;110000.0
AFG;2005;200.0
ALB;2005;100.0
DZA;2005;200.0
AND;2005;
AGO;2005;12000.0
ATG;2005;
ARG;2005;1600.0
ARM;2005;
AUS;2005;200.0
AUT;2005;
AZE;2005;500.0
BHS;2005;200.0
BHR;2005;100.0
BGD;2005;200.0
BRB;2005;100.0
BLR;2005;200.0
BEL;2005;
BLZ;2005;200.0
BEN;2005;5200.0
BTN;2005;100.0
BOL;2005;1300.0
BIH;2005;
BWA;2005;13000.0
BRA;2005;14000.0
BRN;2005;
BGR;2005;100.0
BFA;2005;10000.0
BDI;2005;10000.0
CPV;2005;200.0
KHM;2005;4900.0
CMR;2005;32000.0
CAN;2005;
CAF;2005;13000.0
TCD;2005;8700.0
CHL;2005;
CHN;2005;
COL;2005;5500.0
COM;2005;100.0
COG;2005;7100.0
COK;2005;
CRI;2005;200.0
CIV;2005;56000.0
HRV;2005;100.0
CUB;2005;620.0
CYP;2005;100.0
CZE;2005;
PRK;2005;
COD;2005;55000.0
DNK;2005;100.0
DJI;2005;960.0
DMA;2005;
DOM;2005;5800.0
ECU;2005;1500.0
EGY;2005;200.0
SLV;2005;870.0
GNQ;2005;1300.0
ERI;2005;1800.0
EST;2005;
SWZ;2005;10000.0
ETH;2005;66000.0
FJI;2005;100.0
FIN;2005;
FRA;2005;760.0
GAB;2005;2900.0
GMB;2005;1100.0
GEO;2005;100.0
DEU;2005;
GHA;2005;26000.0
GRC;2005;100.0
GRD;2005;
GTM;2005;2100.0
GIN;2005;6300.0
GNB;2005;2000.0
GUY;2005;200.0
HTI;2005;11000.0
HND;2005;1900.0
HUN;2005;
ISL;2005;100.0
IND;2005;280000.0
IDN;2005;5400.0
IRN;2005;1900.0
IRQ;2005;
IRL;2005;100.0
ISR;2005;
ITA;2005;900.0
JAM;2005;1900.0
JPN;2005;
JOR;2005;
KAZ;2005;200.0
KEN;2005;120000.0
KIR;2005;
KWT;2005;
KGZ;2005;100.0
LAO;2005;200.0
LVA;2005;500.0
LBN;2005;100.0
LSO;2005;19000.0
LBR;2005;3800.0
LBY;2005;100.0
LTU;2005;100.0
LUX;2005;100.0
MDG;2005;200.0
MWI;2005;78000.0
MYS;2005;2900.0
MDV;2005;
MLI;2005;8400.0
MLT;2005;
MHL;2005;
MRT;2005;640.0
MUS;2005;
MEX;2005;5700.0
FSM;2005;
MCO;2005;
MNG;2005;100.0
MNE;2005;100.0
MAR;2005;760.0
MOZ;2005;
MMR;2005;9400.0
NAM;2005;11000.0
NRU;2005;
NPL;2005;1500.0
NLD;2005;100.0
NZL;2005;100.0
NIC;2005;500.0
NER;2005;3600.0
NGA;2005;130000.0
NIU;2005;
MKD;2005;
NOR;2005;100.0
OMN;2005;100.0
PAK;2005;100.0
PLW;2005;
PAN;2005;
PNG;2005;1200.0
PRY;2005;560.0
PER;2005;4100.0
PHL;2005;100.0
POL;2005;
PRT;2005;950.0
QAT;2005;100.0
KOR;2005;
MDA;2005;520.0
ROU;2005;500.0
RUS;2005;
RWA;2005;16000.0
KNA;2005;
LCA;2005;
VCT;2005;
WSM;2005;
SMR;2005;
STP;2005;
SAU;2005;
SEN;2005;3600.0
SRB;2005;100.0
SYC;2005;
SLE;2005;5200.0
SGP;2005;500.0
SVK;2005;100.0
SVN;2005;
SLB;2005;
SOM;2005;1100.0
ZAF;2005;280000.0
SSD;2005;8000.0
ESP;2005;2500.0
LKA;2005;200.0
SDN;2005;2700.0
SUR;2005;200.0
SWE;2005;
CHE;2005;500.0
SYR;2005;100.0
TJK;2005;100.0
THA;2005;47000.0
GBR;2005;
TLS;2005;100.0
TGO;2005;8500.0
TON;2005;
TTO;2005;500.0
TUN;2005;100.0
TUR;2005;
TKM;2005;
TUV;2005;
UGA;2005;71000.0
UKR;2005;14000.0
ARE;2005;
TZA;2005;120000.0
USA;2005;
URY;2005;500.0
UZB;2005;500.0
VUT;2005;
VEN;2005;2800.0
VNM;2005;9800.0
YEM;2005;500.0
ZMB;2005;66000.0
ZWE;2005;120000.0
AFG;2004;200.0
ALB;2004;100.0
DZA;2004;200.0
AND;2004;
AGO;2004;10000.0
ATG;2004;
ARG;2004;1600.0
ARM;2004;
AUS;2004;100.0
AUT;2004;
AZE;2004;500.0
BHS;2004;200.0
BHR;2004;100.0
BGD;2004;200.0
BRB;2004;100.0
BLR;2004;200.0
BEL;2004;
BLZ;2004;100.0
BEN;2004;5000.0
BTN;2004;100.0
BOL;2004;1300.0
BIH;2004;
BWA;2004;17000.0
BRA;2004;14000.0
BRN;2004;
BGR;2004;100.0
BFA;2004;11000.0
BDI;2004;11000.0
CPV;2004;200.0
KHM;2004;5300.0
CMR;2004;33000.0
CAN;2004;
CAF;2004;13000.0
TCD;2004;8800.0
CHL;2004;
CHN;2004;
COL;2004;5400.0
COM;2004;100.0
COG;2004;7100.0
COK;2004;
CRI;2004;200.0
CIV;2004;58000.0
HRV;2004;100.0
CUB;2004;620.0
CYP;2004;100.0
CZE;2004;
PRK;2004;
COD;2004;56000.0
DNK;2004;100.0
DJI;2004;860.0
DMA;2004;
DOM;2004;5800.0
ECU;2004;1500.0
EGY;2004;200.0
SLV;2004;1000.0
GNQ;2004;1200.0
ERI;2004;1800.0
EST;2004;
SWZ;2004;10000.0
ETH;2004;69000.0
FJI;2004;100.0
FIN;2004;
FRA;2004;770.0
GAB;2004;3100.0
GMB;2004;970.0
GEO;2004;100.0
DEU;2004;
GHA;2004;26000.0
GRC;2004;100.0
GRD;2004;
GTM;2004;2000.0
GIN;2004;6100.0
GNB;2004;1800.0
GUY;2004;500.0
HTI;2004;11000.0
HND;2004;2000.0
HUN;2004;
ISL;2004;100.0
IND;2004;280000.0
IDN;2004;3900.0
IRN;2004;1500.0
IRQ;2004;
IRL;2004;100.0
ISR;2004;
ITA;2004;960.0
JAM;2004;2000.0
JPN;2004;
JOR;2004;
KAZ;2004;100.0
KEN;2004;130000.0
KIR;2004;
KWT;2004;
KGZ;2004;100.0
LAO;2004;200.0
LVA;2004;500.0
LBN;2004;100.0
LSO;2004;18000.0
LBR;2004;3700.0
LBY;2004;100.0
LTU;2004;100.0
LUX;2004;100.0
MDG;2004;200.0
MWI;2004;81000.0
MYS;2004;3000.0
MDV;2004;
MLI;2004;8800.0
MLT;2004;
MHL;2004;
MRT;2004;610.0
MUS;2004;
MEX;2004;5400.0
FSM;2004;
MCO;2004;
MNG;2004;100.0
MNE;2004;100.0
MAR;2004;760.0
MOZ;2004;
MMR;2004;8400.0
NAM;2004;12000.0
NRU;2004;
NPL;2004;1300.0
NLD;2004;100.0
NZL;2004;100.0
NIC;2004;500.0
NER;2004;3600.0
NGA;2004;130000.0
NIU;2004;
MKD;2004;
NOR;2004;100.0
OMN;2004;100.0
PAK;2004;100.0
PLW;2004;
PAN;2004;
PNG;2004;1000.0
PRY;2004;530.0
PER;2004;4000.0
PHL;2004;100.0
POL;2004;
PRT;2004;990.0
QAT;2004;100.0
KOR;2004;
MDA;2004;500.0
ROU;2004;500.0
RUS;2004;
RWA;2004;18000.0
KNA;2004;
LCA;2004;
VCT;2004;
WSM;2004;
SMR;2004;
STP;2004;
SAU;2004;
SEN;2004;3300.0
SRB;2004;100.0
SYC;2004;
SLE;2004;5000.0
SGP;2004;500.0
SVK;2004;100.0
SVN;2004;
SLB;2004;
SOM;2004;1000.0
ZAF;2004;270000.0
SSD;2004;7400.0
ESP;2004;2700.0
LKA;2004;200.0
SDN;2004;2500.0
SUR;2004;200.0
SWE;2004;
CHE;2004;500.0
SYR;2004;100.0
TJK;2004;100.0
THA;2004;54000.0
GBR;2004;
TLS;2004;100.0
TGO;2004;8500.0
TON;2004;
TTO;2004;500.0
TUN;2004;100.0
TUR;2004;
TKM;2004;
TUV;2004;
UGA;2004;80000.0
UKR;2004;12000.0
ARE;2004;
TZA;2004;120000.0
USA;2004;
URY;2004;500.0
UZB;2004;200.0
VUT;2004;
VEN;2004;2500.0
VNM;2004;8900.0
YEM;2004;500.0
ZMB;2004;70000.0
ZWE;2004;130000.0
AFG;2003;200.0
ALB;2003;100.0
DZA;2003;200.0
AND;2003;
AGO;2003;9200.0
ATG;2003;
ARG;2003;1600.0
ARM;2003;
AUS;2003;100.0
AUT;2003;
AZE;2003;200.0
BHS;2003;500.0
BHR;2003;100.0
BGD;2003;100.0
BRB;2003;100.0
BLR;2003;200.0
BEL;2003;
BLZ;2003;100.0
BEN;2003;4800.0
BTN;2003;100.0
BOL;2003;1200.0
BIH;2003;
BWA;2003;18000.0
BRA;2003;14000.0
BRN;2003;
BGR;2003;100.0
BFA;2003;12000.0
BDI;2003;12000.0
CPV;2003;200.0
KHM;2003;5300.0
CMR;2003;31000.0
CAN;2003;
CAF;2003;13000.0
TCD;2003;8600.0
CHL;2003;
CHN;2003;
COL;2003;5400.0
COM;2003;100.0
COG;2003;7000.0
COK;2003;
CRI;2003;200.0
CIV;2003;59000.0
HRV;2003;100.0
CUB;2003;650.0
CYP;2003;100.0
CZE;2003;
PRK;2003;
COD;2003;56000.0
DNK;2003;100.0
DJI;2003;780.0
DMA;2003;
DOM;2003;5600.0
ECU;2003;1400.0
EGY;2003;200.0
SLV;2003;1100.0
GNQ;2003;1000.0
ERI;2003;1700.0
EST;2003;
SWZ;2003;9700.0
ETH;2003;70000.0
FJI;2003;100.0
FIN;2003;
FRA;2003;780.0
GAB;2003;3000.0
GMB;2003;860.0
GEO;2003;100.0
DEU;2003;
GHA;2003;25000.0
GRC;2003;100.0
GRD;2003;
GTM;2003;2400.0
GIN;2003;5800.0
GNB;2003;1700.0
GUY;2003;500.0
HTI;2003;11000.0
HND;2003;2500.0
HUN;2003;
ISL;2003;100.0
IND;2003;270000.0
IDN;2003;2700.0
IRN;2003;1100.0
IRQ;2003;
IRL;2003;100.0
ISR;2003;
ITA;2003;1000.0
JAM;2003;1900.0
JPN;2003;
JOR;2003;
KAZ;2003;100.0
KEN;2003;130000.0
KIR;2003;
KWT;2003;
KGZ;2003;100.0
LAO;2003;200.0
LVA;2003;200.0
LBN;2003;100.0
LSO;2003;17000.0
LBR;2003;3700.0
LBY;2003;100.0
LTU;2003;100.0
LUX;2003;100.0
MDG;2003;200.0
MWI;2003;79000.0
MYS;2003;3000.0
MDV;2003;
MLI;2003;8800.0
MLT;2003;
MHL;2003;
MRT;2003;570.0
MUS;2003;
MEX;2003;5700.0
FSM;2003;
MCO;2003;
MNG;2003;100.0
MNE;2003;100.0
MAR;2003;830.0
MOZ;2003;
MMR;2003;7300.0
NAM;2003;11000.0
NRU;2003;
NPL;2003;1000.0
NLD;2003;100.0
NZL;2003;100.0
NIC;2003;500.0
NER;2003;3400.0
NGA;2003;130000.0
NIU;2003;
MKD;2003;
NOR;2003;100.0
OMN;2003;100.0
PAK;2003;100.0
PLW;2003;
PAN;2003;
PNG;2003;840.0
PRY;2003;500.0
PER;2003;4300.0
PHL;2003;100.0
POL;2003;
PRT;2003;1000.0
QAT;2003;100.0
KOR;2003;
MDA;2003;500.0
ROU;2003;500.0
RUS;2003;
RWA;2003;18000.0
KNA;2003;
LCA;2003;
VCT;2003;
WSM;2003;
SMR;2003;
STP;2003;
SAU;2003;
SEN;2003;3100.0
SRB;2003;100.0
SYC;2003;
SLE;2003;4700.0
SGP;2003;500.0
SVK;2003;100.0
SVN;2003;
SLB;2003;
SOM;2003;970.0
ZAF;2003;250000.0
SSD;2003;6900.0
ESP;2003;2800.0
LKA;2003;200.0
SDN;2003;2400.0
SUR;2003;200.0
SWE;2003;
CHE;2003;500.0
SYR;2003;100.0
TJK;2003;100.0
THA;2003;57000.0
GBR;2003;
TLS;2003;100.0
TGO;2003;8300.0
TON;2003;
TTO;2003;540.0
TUN;2003;100.0
TUR;2003;
TKM;2003;
TUV;2003;
UGA;2003;83000.0
UKR;2003;11000.0
ARE;2003;
TZA;2003;120000.0
USA;2003;
URY;2003;500.0
UZB;2003;200.0
VUT;2003;
VEN;2003;2200.0
VNM;2003;7800.0
YEM;2003;200.0
ZMB;2003;73000.0
ZWE;2003;130000.0
AFG;2002;200.0
ALB;2002;100.0
DZA;2002;200.0
AND;2002;
AGO;2002;8100.0
ATG;2002;
ARG;2002;1600.0
ARM;2002;
AUS;2002;100.0
AUT;2002;
AZE;2002;200.0
BHS;2002;500.0
BHR;2002;100.0
BGD;2002;100.0
BRB;2002;100.0
BLR;2002;100.0
BEL;2002;
BLZ;2002;100.0
BEN;2002;4500.0
BTN;2002;100.0
BOL;2002;1100.0
BIH;2002;
BWA;2002;18000.0
BRA;2002;13000.0
BRN;2002;
BGR;2002;100.0
BFA;2002;12000.0
BDI;2002;12000.0
CPV;2002;200.0
KHM;2002;4800.0
CMR;2002;28000.0
CAN;2002;
CAF;2002;12000.0
TCD;2002;8200.0
CHL;2002;
CHN;2002;
COL;2002;5300.0
COM;2002;100.0
COG;2002;7000.0
COK;2002;
CRI;2002;200.0
CIV;2002;59000.0
HRV;2002;100.0
CUB;2002;700.0
CYP;2002;100.0
CZE;2002;
PRK;2002;
COD;2002;56000.0
DNK;2002;100.0
DJI;2002;740.0
DMA;2002;
DOM;2002;5200.0
ECU;2002;1300.0
EGY;2002;200.0
SLV;2002;1000.0
GNQ;2002;910.0
ERI;2002;1600.0
EST;2002;
SWZ;2002;9100.0
ETH;2002;70000.0
FJI;2002;100.0
FIN;2002;
FRA;2002;800.0
GAB;2002;2800.0
GMB;2002;750.0
GEO;2002;100.0
DEU;2002;
GHA;2002;24000.0
GRC;2002;100.0
GRD;2002;
GTM;2002;2300.0
GIN;2002;5500.0
GNB;2002;1500.0
GUY;2002;500.0
HTI;2002;11000.0
HND;2002;2600.0
HUN;2002;
ISL;2002;100.0
IND;2002;250000.0
IDN;2002;1800.0
IRN;2002;800.0
IRQ;2002;
IRL;2002;100.0
ISR;2002;
ITA;2002;1100.0
JAM;2002;1900.0
JPN;2002;
JOR;2002;
KAZ;2002;100.0
KEN;2002;130000.0
KIR;2002;
KWT;2002;
KGZ;2002;100.0
LAO;2002;100.0
LVA;2002;200.0
LBN;2002;100.0
LSO;2002;16000.0
LBR;2002;3700.0
LBY;2002;100.0
LTU;2002;100.0
LUX;2002;100.0
MDG;2002;100.0
MWI;2002;77000.0
MYS;2002;3100.0
MDV;2002;
MLI;2002;8600.0
MLT;2002;
MHL;2002;
MRT;2002;520.0
MUS;2002;
MEX;2002;5900.0
FSM;2002;
MCO;2002;
MNG;2002;100.0
MNE;2002;100.0
MAR;2002;770.0
MOZ;2002;
MMR;2002;6300.0
NAM;2002;10000.0
NRU;2002;
NPL;2002;810.0
NLD;2002;100.0
NZL;2002;100.0
NIC;2002;200.0
NER;2002;3200.0
NGA;2002;130000.0
NIU;2002;
MKD;2002;
NOR;2002;100.0
OMN;2002;100.0
PAK;2002;100.0
PLW;2002;
PAN;2002;
PNG;2002;670.0
PRY;2002;500.0
PER;2002;4700.0
PHL;2002;100.0
POL;2002;
PRT;2002;1100.0
QAT;2002;100.0
KOR;2002;
MDA;2002;500.0
ROU;2002;500.0
RUS;2002;
RWA;2002;17000.0
KNA;2002;
LCA;2002;
VCT;2002;
WSM;2002;
SMR;2002;
STP;2002;
SAU;2002;
SEN;2002;2800.0
SRB;2002;200.0
SYC;2002;
SLE;2002;4300.0
SGP;2002;200.0
SVK;2002;100.0
SVN;2002;
SLB;2002;
SOM;2002;890.0
ZAF;2002;220000.0
SSD;2002;6300.0
ESP;2002;2800.0
LKA;2002;200.0
SDN;2002;2200.0
SUR;2002;200.0
SWE;2002;
CHE;2002;500.0
SYR;2002;100.0
TJK;2002;100.0
THA;2002;58000.0
GBR;2002;
TLS;2002;100.0
TGO;2002;7800.0
TON;2002;
TTO;2002;550.0
TUN;2002;100.0
TUR;2002;
TKM;2002;
TUV;2002;
UGA;2002;85000.0
UKR;2002;9200.0
ARE;2002;
TZA;2002;120000.0
USA;2002;
URY;2002;500.0
UZB;2002;100.0
VUT;2002;
VEN;2002;2100.0
VNM;2002;6600.0
YEM;2002;200.0
ZMB;2002;71000.0
ZWE;2002;130000.0
AFG;2001;200.0
ALB;2001;100.0
DZA;2001;100.0
AND;2001;
AGO;2001;7000.0
ATG;2001;
ARG;2001;1500.0
ARM;2001;
AUS;2001;100.0
AUT;2001;
AZE;2001;100.0
BHS;2001;500.0
BHR;2001;100.0
BGD;2001;100.0
BRB;2001;100.0
BLR;2001;100.0
BEL;2001;
BLZ;2001;100.0
BEN;2001;4200.0
BTN;2001;100.0
BOL;2001;960.0
BIH;2001;
BWA;2001;17000.0
BRA;2001;13000.0
BRN;2001;
BGR;2001;100.0
BFA;2001;13000.0
BDI;2001;12000.0
CPV;2001;200.0
KHM;2001;4200.0
CMR;2001;26000.0
CAN;2001;
CAF;2001;12000.0
TCD;2001;7700.0
CHL;2001;
CHN;2001;
COL;2001;4800.0
COM;2001;100.0
COG;2001;6900.0
COK;2001;
CRI;2001;200.0
CIV;2001;58000.0
HRV;2001;100.0
CUB;2001;750.0
CYP;2001;100.0
CZE;2001;
PRK;2001;
COD;2001;55000.0
DNK;2001;100.0
DJI;2001;620.0
DMA;2001;
DOM;2001;4900.0
ECU;2001;1100.0
EGY;2001;200.0
SLV;2001;980.0
GNQ;2001;790.0
ERI;2001;1500.0
EST;2001;
SWZ;2001;8300.0
ETH;2001;69000.0
FJI;2001;100.0
FIN;2001;
FRA;2001;880.0
GAB;2001;2600.0
GMB;2001;640.0
GEO;2001;100.0
DEU;2001;
GHA;2001;23000.0
GRC;2001;100.0
GRD;2001;
GTM;2001;2100.0
GIN;2001;5200.0
GNB;2001;1300.0
GUY;2001;200.0
HTI;2001;11000.0
HND;2001;2500.0
HUN;2001;
ISL;2001;100.0
IND;2001;230000.0
IDN;2001;1200.0
IRN;2001;570.0
IRQ;2001;
IRL;2001;100.0
ISR;2001;
ITA;2001;1300.0
JAM;2001;1900.0
JPN;2001;
JOR;2001;
KAZ;2001;100.0
KEN;2001;120000.0
KIR;2001;
KWT;2001;
KGZ;2001;100.0
LAO;2001;100.0
LVA;2001;200.0
LBN;2001;100.0
LSO;2001;14000.0
LBR;2001;3600.0
LBY;2001;100.0
LTU;2001;100.0
LUX;2001;100.0
MDG;2001;100.0
MWI;2001;75000.0
MYS;2001;3200.0
MDV;2001;
MLI;2001;8300.0
MLT;2001;
MHL;2001;
MRT;2001;500.0
MUS;2001;
MEX;2001;5900.0
FSM;2001;
MCO;2001;
MNG;2001;100.0
MNE;2001;100.0
MAR;2001;700.0
MOZ;2001;
MMR;2001;5400.0
NAM;2001;9500.0
NRU;2001;
NPL;2001;600.0
NLD;2001;100.0
NZL;2001;100.0
NIC;2001;200.0
NER;2001;3000.0
NGA;2001;120000.0
NIU;2001;
MKD;2001;
NOR;2001;100.0
OMN;2001;100.0
PAK;2001;100.0
PLW;2001;
PAN;2001;
PNG;2001;510.0
PRY;2001;500.0
PER;2001;4800.0
PHL;2001;100.0
POL;2001;
PRT;2001;1200.0
QAT;2001;100.0
KOR;2001;
MDA;2001;500.0
ROU;2001;500.0
RUS;2001;
RWA;2001;16000.0
KNA;2001;
LCA;2001;
VCT;2001;
WSM;2001;
SMR;2001;
STP;2001;
SAU;2001;
SEN;2001;2500.0
SRB;2001;200.0
SYC;2001;
SLE;2001;4000.0
SGP;2001;200.0
SVK;2001;100.0
SVN;2001;
SLB;2001;
SOM;2001;810.0
ZAF;2001;190000.0
SSD;2001;5800.0
ESP;2001;2900.0
LKA;2001;100.0
SDN;2001;2000.0
SUR;2001;200.0
SWE;2001;
CHE;2001;500.0
SYR;2001;100.0
TJK;2001;100.0
THA;2001;56000.0
GBR;2001;
TLS;2001;100.0
TGO;2001;7100.0
TON;2001;
TTO;2001;520.0
TUN;2001;100.0
TUR;2001;
TKM;2001;
TUV;2001;
UGA;2001;86000.0
UKR;2001;7600.0
ARE;2001;
TZA;2001;110000.0
USA;2001;
URY;2001;500.0
UZB;2001;100.0
VUT;2001;
VEN;2001;2000.0
VNM;2001;5500.0
YEM;2001;200.0
ZMB;2001;68000.0
ZWE;2001;130000.0
AFG;2000;100.0
ALB;2000;100.0
DZA;2000;100.0
AND;2000;
AGO;2000;6000.0
ATG;2000;
ARG;2000;1400.0
ARM;2000;
AUS;2000;100.0
AUT;2000;
AZE;2000;100.0
BHS;2000;500.0
BHR;2000;100.0
BGD;2000;100.0
BRB;2000;100.0
BLR;2000;100.0
BEL;2000;
BLZ;2000;100.0
BEN;2000;3900.0
BTN;2000;100.0
BOL;2000;840.0
BIH;2000;
BWA;2000;16000.0
BRA;2000;14000.0
BRN;2000;
BGR;2000;100.0
BFA;2000;13000.0
BDI;2000;12000.0
CPV;2000;200.0
KHM;2000;3600.0
CMR;2000;22000.0
CAN;2000;
CAF;2000;11000.0
TCD;2000;7300.0
CHL;2000;
CHN;2000;
COL;2000;4300.0
COM;2000;100.0
COG;2000;6700.0
COK;2000;
CRI;2000;500.0
CIV;2000;56000.0
HRV;2000;100.0
CUB;2000;720.0
CYP;2000;100.0
CZE;2000;
PRK;2000;
COD;2000;54000.0
DNK;2000;100.0
DJI;2000;500.0
DMA;2000;
DOM;2000;4500.0
ECU;2000;970.0
EGY;2000;100.0
SLV;2000;880.0
GNQ;2000;680.0
ERI;2000;1300.0
EST;2000;
SWZ;2000;7200.0
ETH;2000;68000.0
FJI;2000;100.0
FIN;2000;
FRA;2000;830.0
GAB;2000;2400.0
GMB;2000;530.0
GEO;2000;100.0
DEU;2000;
GHA;2000;22000.0
GRC;2000;100.0
GRD;2000;
GTM;2000;1900.0
GIN;2000;4800.0
GNB;2000;1100.0
GUY;2000;200.0
HTI;2000;11000.0
HND;2000;2300.0
HUN;2000;
ISL;2000;100.0
IND;2000;210000.0
IDN;2000;790.0
IRN;2000;500.0
IRQ;2000;
IRL;2000;100.0
ISR;2000;
ITA;2000;1600.0
JAM;2000;1800.0
JPN;2000;
JOR;2000;
KAZ;2000;100.0
KEN;2000;120000.0
KIR;2000;
KWT;2000;
KGZ;2000;100.0
LAO;2000;100.0
LVA;2000;200.0
LBN;2000;100.0
LSO;2000;13000.0
LBR;2000;3500.0
LBY;2000;100.0
LTU;2000;100.0
LUX;2000;100.0
MDG;2000;100.0
MWI;2000;72000.0
MYS;2000;2900.0
MDV;2000;
MLI;2000;7900.0
MLT;2000;
MHL;2000;
MRT;2000;500.0
MUS;2000;
MEX;2000;6100.0
FSM;2000;
MCO;2000;
MNG;2000;100.0
MNE;2000;100.0
MAR;2000;620.0
MOZ;2000;
MMR;2000;4400.0
NAM;2000;8500.0
NRU;2000;
NPL;2000;500.0
NLD;2000;100.0
NZL;2000;100.0
NIC;2000;200.0
NER;2000;2700.0
NGA;2000;110000.0
NIU;2000;
MKD;2000;
NOR;2000;100.0
OMN;2000;100.0
PAK;2000;100.0
PLW;2000;
PAN;2000;
PNG;2000;500.0
PRY;2000;500.0
PER;2000;4800.0
PHL;2000;100.0
POL;2000;
PRT;2000;1200.0
QAT;2000;100.0
KOR;2000;
MDA;2000;500.0
ROU;2000;500.0
RUS;2000;
RWA;2000;16000.0
KNA;2000;
LCA;2000;
VCT;2000;
WSM;2000;
SMR;2000;
STP;2000;
SAU;2000;
SEN;2000;2200.0
SRB;2000;200.0
SYC;2000;
SLE;2000;3600.0
SGP;2000;200.0
SVK;2000;100.0
SVN;2000;
SLB;2000;
SOM;2000;720.0
ZAF;2000;170000.0
SSD;2000;5200.0
ESP;2000;2900.0
LKA;2000;100.0
SDN;2000;1900.0
SUR;2000;200.0
SWE;2000;
CHE;2000;500.0
SYR;2000;100.0
TJK;2000;100.0
THA;2000;52000.0
GBR;2000;
TLS;2000;100.0
TGO;2000;6400.0
TON;2000;
TTO;2000;500.0
TUN;2000;100.0
TUR;2000;
TKM;2000;
TUV;2000;
UGA;2000;86000.0
UKR;2000;6100.0
ARE;2000;
TZA;2000;110000.0
USA;2000;
URY;2000;500.0
UZB;2000;100.0
VUT;2000;
VEN;2000;2000.0
VNM;2000;4500.0
YEM;2000;200.0
ZMB;2000;65000.0
ZWE;2000;120000.0
